CK,Tran,San,TC,Giamua3,KLmua3,Giamua2,KLmua2,Giamua1,KLmua1,Giakhop,Khoiluongkhoplenh,Thaydoi,Phantramthaydoi,Giaban3,KLban3,Giaban2,KLban2,Giaban1,KLban1Caonhat,Thapnhat,TongKL,DTNNmua,DTNNban,DTNNdu
AAA,17,14.8,15.9,15.8,"117,300",15.85,"133,500",15.9,"121,100",15.95,"25,100",0.05,0.3%,15.95,"26,200",16,"274,100",16.05,"30,700",16,14.9,"3,849,300","89,000","15,800","215,499,648"
AAM,11.85,10.35,11.1,10.55,100,10.6,400,11.1,"3,000",11.1,"2,000",0.00,0.0%,11.2,"1,400",11.3,"1,400",11.4,500,11.1,11.1,"2,000",,,"5,932,115"
AAT,13.05,11.35,12.2,,,,,,,11.35,500,-0.85,-7.0%,11.35,"177,100",11.45,"21,000",11.5,"19,000",12,11.35,"231,300",400,,"17,050,600"
ABS,46,40,43,43.1,"2,000",43.2,"1,800",43.3,"1,500",43.5,"1,100",0.50,1.2%,43.5,"13,200",43.8,"6,700",44,"13,200",43.5,42,"50,000",,,
ABT,32.6,28.4,30.5,30.2,400,30.3,500,30.4,"4,300",30.4,700,-0.10,-0.3%,31.95,400,32,400,32.1,200,30.5,30.4,"2,900",,,"6,560,670"
ACB,34.25,29.85,32.05,32.3,"30,100",32.35,"18,600",32.4,"15,000",32.45,"56,000",0.40,1.2%,32.45,"63,400",32.5,"322,800",32.55,"33,300",32.45,31.35,"7,931,700","551,800","551,800",1
ACC,18.15,15.85,17,16.75,600,16.8,"5,000",16.85,"1,000",17,500,0.00,0.0%,17.2,"2,000",17.25,"16,200",17.3,200,17.3,16.7,"89,100","13,000",500,"11,031,673"
ACL,14.55,12.65,13.6,13,"6,800",13.1,"11,200",13.2,"2,900",13.2,200,-0.40,-2.9%,13.5,"8,500",13.6,"2,600",13.8,"5,200",13.6,13.1,"60,400",500,"1,500","18,378,567"
ADG,63.7,55.5,59.6,59,"3,300",59.1,"1,100",59.2,"2,300",59.4,100,-0.20,-0.3%,59.3,"1,000",59.4,"6,700",59.5,"2,500",59.6,59.1,"75,200",200,500,"4,125,979"
ADS,17.1,14.9,16,16.15,"1,700",16.4,"2,300",16.45,100,16.5,500,0.50,3.1%,16.5,"6,200",16.55,"1,000",16.6,"18,800",16.6,15.6,"182,100",,,"13,733,918"
AGG,43.2,37.6,40.4,39.85,"5,100",40,"27,200",40.05,"20,000",40.1,"47,000",-0.30,-0.7%,40.1,"41,900",40.15,"2,600",40.2,"85,300",40.1,39.4,"1,367,900","19,700",200,"35,658,494"
AGM,14.65,12.75,13.7,13.3,100,13.35,"1,100",13.4,200,13.6,"1,100",-0.10,-0.7%,13.6,"1,500",13.7,"5,600",13.75,"1,000",13.7,13.4,"36,900",,,"7,731,930"
AGR,12.15,10.65,11.4,11.15,"6,000",11.2,"20,300",11.25,500,11.25,"5,000",-0.15,-1.3%,11.3,"8,700",11.35,"5,800",11.4,"54,400",11.4,10.8,"1,115,000","7,300","5,500","102,584,211"
AMD,3.77,3.29,3.53,3.48,"22,400",3.49,"7,800",3.52,"1,200",3.53,"5,900",0.00,0.0%,3.53,"107,000",3.54,"64,400",3.55,"21,600",3.54,3.34,"4,739,000","88,800","2,000","78,210,163"
ANV,23,20,21.5,22,"6,200",22.2,700,22.3,"18,400",22.6,100,1.10,5.1%,22.6,"3,700",22.7,"2,000",22.75,200,23,21.4,"515,000","8,600","12,500","60,978,205"
APC,24.85,21.65,23.25,22.2,"10,000",22.35,400,22.8,"3,000",23,400,-0.25,-1.1%,23,"2,800",23.3,"3,000",23.4,700,23.5,22,"42,200",,"5,000","6,707,654"
APG,9.75,8.49,9.12,8.9,"6,500",8.91,"51,200",8.92,"8,800",9,"1,000",-0.12,-1.3%,9,"68,700",9.01,"10,100",9.02,200,9.1,8.6,"661,500","19,800","5,000","33,329,230"
APH,51.8,45.15,48.5,48.1,"7,000",48.2,"6,100",48.3,"4,400",48.5,"1,900",0.00,0.0%,48.5,"16,600",48.6,"3,100",48.65,300,49,47.5,"560,100","10,200","8,200","78,875,789"
ASG,39.15,34.05,36.6,35.6,"2,300",35.7,700,36,"2,700",35.6,100,-1.00,-2.7%,36.5,"13,400",36.6,"10,700",36.9,"3,000",36.6,35.6,"2,000",,,"18,440,379"
ASM,16.05,13.95,15,14.7,"2,400",14.8,"2,100",14.9,"58,100",15,400,0.00,0.0%,15,"102,500",15.05,"9,700",15.1,"23,300",15.1,13.95,"4,773,100","16,300","3,000","123,476,783"
ASP,7.86,6.84,7.35,7.1,"3,300",7.15,"34,000",7.19,"2,200",7.2,100,-0.15,-2.0%,7.2,"12,900",7.3,400,7.39,500,7.3,7.15,"43,200",,,166
AST,64.2,55.8,60,58.9,900,59,300,59.3,"1,500",59.3,100,-0.70,-1.2%,60,"2,100",60.2,500,60.5,900,59.9,58.5,"55,200","12,500",900,"2,323,388"
ATG,0.65,0.57,0.61,,,,,,,,,,,,,,,,,,,,,,"7,327,570"
BCE,13.65,11.95,12.8,12.5,"3,200",12.55,"2,000",12.6,"3,200",12.85,"7,700",0.05,0.4%,12.85,"5,900",12.9,"2,100",13,"53,000",13,12,"198,100","2,500","4,400","16,428,366"
BCG,15.7,13.7,14.7,14.2,"8,500",14.25,500,14.3,"2,400",14.3,"20,000",-0.40,-2.7%,14.5,"3,400",14.55,"13,500",14.6,"27,300",14.6,13.7,"2,597,600","25,100","39,000","35,766,087"
BCM,59.7,51.9,55.8,56.2,"1,100",56.5,"1,100",56.9,"1,600",57,100,1.20,2.2%,57,"2,000",57.5,"6,700",57.8,"1,000",57,54.6,"41,300","32,200",,"486,707,740"
BFC,22.85,19.95,21.4,20.8,"15,000",20.85,500,21.1,"6,100",21.3,"2,000",-0.10,-0.5%,21.3,"1,000",21.4,"4,900",21.45,300,21.5,20.4,"232,700","4,000","7,600","25,519,836"
BHN,76.3,66.5,71.4,68.2,200,68.4,100,68.5,100,71.8,200,0.40,0.6%,71.5,"2,100",71.6,"2,100",71.7,700,71.8,71.4,800,,,"73,126,400"
BIC,23,20,21.5,20.85,"3,400",20.9,"2,000",21,"3,500",21.3,500,-0.20,-0.9%,21.5,500,21.6,"2,000",21.8,"1,500",21.55,20.8,"72,200","11,600","18,400","3,390,183"
BID,45.2,39.3,42.25,41.85,800,41.9,"1,100",41.95,700,42.1,"3,200",-0.15,-0.4%,42.1,"3,100",42.15,900,42.2,"4,700",42.4,40.5,"2,445,100","12,400","302,600","518,922,371"
BKG,11.7,10.2,10.95,10.8,"14,500",10.85,"9,600",10.9,"49,300",10.95,100,0.00,0.0%,10.95,"1,000",11,"3,100",11.05,"1,500",11,10.85,"161,000",,,"15,671,100"
BMC,20.1,17.5,18.8,17.6,"1,400",17.65,"1,000",17.7,500,18.35,100,-0.45,-2.4%,18.3,"3,900",18.35,"6,100",18.4,100,18.8,17.5,"171,900","6,800","6,500","4,810,462"
BMI,27.55,23.95,25.75,24.7,"3,500",24.75,"3,500",25,500,25,400,-0.75,-2.9%,25.1,100,25.2,"1,500",25.3,"7,300",25.75,24,"476,500","20,000","155,000","13,481,740"
BMP,63.6,55.4,59.5,57.9,400,58,"2,900",58.2,"2,000",58.4,"1,000",-1.10,-1.8%,58.4,100,59,"5,900",59.2,"1,000",60,56,"175,700","22,100","10,300","15,194,089"
BRC,15.55,13.55,14.55,,,,,,,13.55,200,-1.00,-6.9%,13.55,"14,800",14.2,900,14.4,500,14.45,13.55,"23,300",,,"5,997,328"
BSI,15.15,13.25,14.2,13.9,"1,400",14,800,14.1,"1,000",14.2,100,0.00,0.0%,14.2,"9,400",14.25,100,14.3,"5,700",14.2,13.3,"919,700","4,800","17,300","58,556,188"
BTP,15.8,13.8,14.8,14.55,"3,100",14.6,"3,300",14.65,"1,300",14.65,300,-0.15,-1.0%,14.95,"2,000",15,"9,100",15.1,"1,400",14.8,14.65,"17,200",200,,"23,772,024"
BTT,56.7,49.3,53,,,49.3,200,49.5,"1,000",,,,,54,"1,000",54.5,100,56,200,,,,,,"6,557,957"
BVH,63.5,55.3,59.4,58.2,"1,000",58.3,"1,700",58.4,"4,800",58.4,"6,000",-1.00,-1.7%,58.8,"2,100",58.9,"1,000",59,"13,200",59.5,57,"788,600","27,800","71,400","159,031,548"
BWE,32.7,28.5,30.6,29.85,200,29.9,"10,300",30,"3,500",30,600,-0.60,-2.0%,30.1,"19,600",30.15,"1,300",30.2,"12,200",30.95,29.6,"537,200",,"74,100","61,063,280"
C32,30.25,26.35,28.3,27.4,"10,000",27.5,"2,600",27.6,500,27.8,200,-0.50,-1.8%,27.8,100,27.9,"1,000",28,"1,700",28.5,26.8,"228,700","12,300","3,700","5,246,594"
C47,13.9,12.1,13,12.2,"14,000",12.25,"8,500",12.3,"24,900",12.35,500,-0.65,-5.0%,12.35,"1,500",12.45,"1,600",12.5,"12,000",12.95,12.15,"310,900","1,900","3,400","9,044,549"
CAV,67.7,58.9,63.3,62.2,200,62.3,500,63,100,63.5,200,0.20,0.3%,63.5,800,64,300,64.5,"1,000",63.5,63.3,500,,,"28,049,108"
CCI,19,16.6,17.8,,,,,,,17,100,-0.80,-4.5%,17,400,17.5,300,17.6,100,17.5,16.6,"13,500",,,"8,265,543"
CCL,14.2,12.4,13.3,13.5,"12,800",13.55,"9,000",13.6,"5,900",13.6,"7,000",0.30,2.3%,13.8,"15,500",13.85,"10,000",13.9,"23,600",13.8,13,"714,600","23,100","7,400","21,876,807"
CDC,17,14.8,15.9,15.05,500,15.2,500,15.25,"1,000",15.6,100,-0.30,-1.9%,15.6,200,15.8,600,15.85,100,15.9,14.95,"6,400",,,"10,687,498"
CEE,17.95,15.65,16.8,15.7,100,15.8,"1,000",16,200,16.65,100,-0.15,-0.9%,16.5,"1,900",16.65,800,16.7,400,16.75,16,"1,400",,,"20,322,650"
CEIB2001,0.59,0.33,0.46,0.33,"5,300",0.34,"6,900",0.35,"7,700",0.42,500,-0.04,-8.7%,0.42,"9,100",0.44,"3,500",0.45,"3,800",0.45,0.34,"55,900",,"14,800","984,890"
CFPT2010,29.85,19.25,24.55,23.53,300,23.63,100,23.73,100,24.23,600,-0.32,-1.3%,24.43,"1,000",24.73,"20,000",,,24.43,21.3,"11,900",,,"1,000,000"
CFPT2011,6.85,4.73,5.79,,,4.74,100,4.9,800,5.61,"2,500",-0.18,-3.1%,5.73,"2,400",5.8,600,5.87,"1,100",5.7,5.61,"5,200",,,"5,000,000"
CFPT2012,6.42,4.3,5.36,5.03,"2,000",5.05,"1,400",5.08,100,5.08,100,-0.28,-5.2%,5.25,"1,000",5.3,"2,200",5.46,500,5.37,4.85,"62,900",,,"4,999,000"
CFPT2013,15.23,9.93,12.58,11.18,"5,000",11.23,"5,000",11.28,"5,000",,,,,11.68,"5,000",11.73,"5,000",11.78,"5,000",,,,,,"1,500,000"
CFPT2014,14.45,9.15,11.8,,,,,9.2,200,10.9,100,-0.90,-7.6%,11.4,"8,500",12,"13,200",,,11.65,10.9,"2,000",,,"1,000,000"
CFPT2016,6.92,4.8,5.86,5.68,100,5.7,"10,000",5.81,"2,400",5.81,200,-0.05,-0.9%,5.87,500,5.9,"3,000",5.94,800,5.86,5.5,"101,600",,,"4,869,070"
CFPT2017,7.07,4.43,5.75,5.1,"2,500",5.12,900,5.2,"31,000",5.4,400,-0.35,-6.1%,5.7,"2,000",5.72,400,5.74,100,5.72,5,"118,300",,,"2,389,200"
CFPT2101,3.68,1.92,2.8,2.6,"57,000",2.65,"2,000",2.66,"1,000",2.66,800,-0.14,-5.0%,2.7,400,2.75,100,2.76,600,2.8,2.6,"116,400","4,000",,"2,000,000"
CHDB2007,3.57,2.43,3,2.75,"1,000",2.8,900,2.81,200,3.1,100,0.10,3.3%,3.1,"4,800",3.14,500,3.2,"8,000",3.1,2.71,"380,700","85,000","291,900","2,427,320"
CHDB2008,2.51,1.41,1.96,1.7,"7,200",1.81,"9,000",1.82,100,2,100,0.04,2.0%,2,"2,900",2.09,600,2.12,"3,200",2.1,1.61,"310,400","66,100","202,000","2,480,500"
CHDB2101,1.97,1.27,1.62,1.48,"30,100",1.5,"3,000",1.55,"2,000",1.7,400,0.08,4.9%,1.7,"19,700",1.71,"4,000",1.72,"1,000",1.72,1.48,"28,000","2,300",,"1,981,000"
CHP,19.95,17.35,18.65,18.35,"5,100",18.4,"1,000",18.5,"13,500",18.6,"1,000",-0.05,-0.3%,18.65,"2,400",18.7,"9,200",18.75,"1,000",18.7,18.6,"16,100",,,"66,684,017"
CHPG2010,6.45,4.53,5.49,4.53,100,5.4,"1,000",5.78,"4,000",5.8,"2,000",0.31,5.6%,5.99,"1,200",6,"4,000",6.04,"10,000",6,5.5,"414,700","395,700","17,800","1,137,700"
CHPG2014,32.9,25.2,29.05,,,29.54,"16,000",29.55,"15,600",29.22,"3,000",0.17,0.6%,29.59,"1,200",,,,,29.41,29.1,"8,100",,,"1,800,000"
CHPG2018,4.96,3.4,4.18,4.12,"10,100",4.13,"14,600",4.15,"10,000",4.21,100,0.03,0.7%,4.21,"1,800",4.22,100,4.24,"2,000",4.3,4,"385,600",,,"8,989,580"
CHPG2020,24.15,17.85,21,20,"14,500",20.2,800,20.5,500,20.22,"1,500",-0.78,-3.7%,21,200,22.3,600,22.4,"4,000",22.4,20.22,"4,600",,,"999,750"
CHPG2021,11.83,8.69,10.26,,,,,8.7,100,10.05,"5,000",-0.21,-2.0%,10.28,"2,000",10.3,"5,700",10.32,500,10.3,10.05,"31,000",,,"5,000,000"
CHPG2022,11.39,8.25,9.82,9.3,100,9.32,"3,000",9.8,"1,000",9.8,"5,000",-0.02,-0.2%,9.9,"8,900",9.98,"5,300",9.99,700,9.98,9.32,"11,800",,,"4,999,500"
CHPG2024,10.37,7.23,8.8,8.54,"20,000",8.6,500,8.7,"5,100",9,200,0.20,2.3%,9,800,9.15,200,9.18,"1,500",9,8.7,"9,600",,,"979,980"
CHPG2025,14.55,8.25,11.4,,,10.4,300,11.3,100,11.4,100,0.00,0.0%,11.99,"5,000",12.4,"1,000",12.45,"12,200",11.85,11.4,"3,300",,,"999,600"
CHPG2026,6.77,3.63,5.2,5.25,"1,000",5.26,"5,000",5.3,"1,000",5.35,"9,900",0.15,2.9%,5.35,100,5.45,100,5.5,"36,800",5.6,4.91,"225,600",,,"2,995,200"
CHPG2101,3.63,2.07,2.85,2.5,"13,000",2.6,"5,000",2.65,"3,000",2.8,"3,100",-0.05,-1.8%,2.95,"1,000",3.1,"18,400",3.2,"2,500",2.85,2.65,"22,600",,,"1,972,700"
CHPG2102,11.65,5.35,8.5,8.26,500,8.56,"1,000",8.6,"10,000",8.9,100,0.40,4.7%,8.9,"9,900",9.1,"86,000",9.19,700,9.1,8.11,"345,500",,,"3,999,000"
CHPG2103,6.17,3.03,4.6,4.5,"5,400",4.54,"2,300",4.55,"29,700",4.6,100,0.00,0.0%,4.6,900,4.64,500,4.65,"8,200",4.87,4.5,"148,200",,,"3,988,700"
CHPG2104,4,1.9,2.95,2.77,"2,000",2.8,"1,000",2.82,500,2.9,"1,000",-0.05,-1.7%,2.9,"12,500",2.99,"1,000",3,"13,200",3.08,2.82,"93,300",,,"1,981,700"
CHPG2105,6.48,3.34,4.91,4.8,"1,600",4.91,"2,000",4.95,"1,000",4.99,200,0.08,1.6%,4.99,500,5,200,5.01,500,5.1,4.65,"279,200","20,900",,"4,869,000"
CIG,7.66,6.66,7.16,,,,,,,6.66,"3,000",-0.50,-7.0%,6.66,"28,700",6.7,700,6.76,"4,500",7.15,6.66,"105,300",,,"15,446,924"
CII,25.4,22.1,23.75,23.7,"29,700",23.75,"3,700",23.8,"10,600",23.9,"15,100",0.15,0.6%,23.9,"21,100",23.95,"16,100",24,"104,100",24.15,22.8,"3,684,200","1,609,200","568,800","107,612,102"
CKDH2001,2.16,1.1,1.63,1.49,300,1.5,300,1.52,"1,000",1.57,"3,700",-0.06,-3.7%,1.57,"46,100",1.58,"1,100",1.59,400,1.58,1.49,"65,900",,,"2,942,190"
CKDH2002,2.61,1.55,2.08,1.92,"2,000",1.93,"3,000",1.95,100,1.99,100,-0.09,-4.3%,1.99,"1,200",2,"3,900",2.01,"4,900",1.99,1.84,"151,000","53,700","61,900","2,567,940"
CKDH2004,3.5,1.36,2.43,2,"20,000",2.1,100,2.2,100,2.3,500,-0.13,-5.3%,2.3,"6,000",2.39,"1,000",2.4,"4,000",2.3,1.6,"51,200",,,"2,000,000"
CKDH2101,2.23,1.37,1.8,1.61,"7,000",1.65,"7,600",1.66,"5,000",1.78,100,-0.02,-1.1%,1.78,300,1.8,"1,000",1.81,"1,500",1.84,1.65,"57,600",,,"2,000,000"
CKG,15.95,13.95,14.95,14.7,100,14.75,"2,700",14.8,"1,700",14.9,700,-0.05,-0.3%,14.9,"24,000",14.95,"7,600",15,"52,300",15,14,"1,999,300","153,200",,"24,702,496"
CLC,39.55,34.45,37,36.8,100,36.9,100,37,500,37.9,300,0.90,2.4%,37.9,200,38,"4,000",38.5,100,39,36.9,"28,000",500,,"12,323,749"
CLG,0.82,0.72,0.77,,,,,,,,,,,,,,,,,,,,,,"10,315,770"
CLL,32.7,28.5,30.6,30.05,500,30.2,200,30.4,"2,600",31,200,0.40,1.3%,31,400,32,"1,000",32.6,200,31,30.4,"12,600",,,"14,160,719"
CLW,27.4,23.9,25.65,,,23.9,200,27.4,100,27.4,100,1.75,6.8%,,,,,,,27.4,27.4,"3,500",,,"5,736,810"
CMBB2008,13.76,9.4,11.58,11.06,100,11.12,"1,200",11.23,500,11.52,100,-0.06,-0.5%,11.58,"1,000",11.7,100,11.71,100,11.75,10.83,"53,000",,,"2,998,600"
CMBB2009,7.63,5.45,6.54,5.55,100,5.6,"1,000",6.03,500,6.03,300,-0.51,-7.8%,6.19,"63,300",6.2,200,6.22,200,6.54,6.03,"14,300",,,"4,999,950"
CMBB2010,13.9,10.1,12,11.5,"3,000",11.56,"1,000",11.65,"1,000",11.7,100,-0.30,-2.5%,11.85,500,12,100,12.1,200,12.09,11.2,"146,200",,,"2,986,860"
CMBB2101,4.38,2.48,3.43,2.81,500,2.9,500,3,"27,700",3.24,100,-0.19,-5.5%,3.29,"2,000",3.3,"10,100",3.35,"9,500",3.45,2.7,"167,100",,,"3,996,100"
CMG,38.7,33.7,36.2,35.05,300,35.5,"1,900",35.6,"1,000",35.6,900,-0.60,-1.7%,35.7,"1,000",35.8,"1,100",36,700,36,34.2,"61,900","4,500","3,700","10,939,275"
CMSN2007,3.95,2.75,3.35,2.9,"13,800",2.91,"5,000",2.92,100,3.27,100,-0.08,-2.4%,3.27,"1,100",3.28,600,3.29,200,3.27,2.9,"71,500","44,800","19,700","1,668,860"
CMSN2009,3.4,2.2,2.8,2.42,"17,000",2.44,"1,000",2.57,"5,000",2.68,100,-0.12,-4.3%,2.69,"2,200",2.7,"2,100",2.71,200,2.68,2.4,"99,100","59,600","9,600","1,788,420"
CMSN2010,18.56,12.5,15.53,12.5,500,12.7,200,14.6,500,15.82,100,0.29,1.9%,16.08,300,16.1,"2,600",16.2,"1,000",16.28,15.42,"8,000",,,"1,500,000"
CMSN2011,8.13,5.71,6.92,5.71,"1,600",5.8,"5,000",5.9,"2,200",5.9,100,-1.02,-14.7%,6.96,"3,500",6.97,"16,600",6.98,"27,600",6.97,5.9,"10,300",,,"1,000,000"
CMSN2012,14.48,8.42,11.45,,,,,11.1,100,11.65,100,0.20,1.7%,11.65,"1,800",12.2,100,12.9,100,11.65,11.65,100,,,"1,000,000"
CMSN2101,1.97,1.37,1.67,1.47,"1,900",1.48,200,1.57,"1,000",1.57,100,-0.10,-6.0%,1.65,"2,000",1.67,"1,900",1.73,"13,100",1.67,1.57,"24,700",,,"1,976,700"
CMSN2102,1.82,1.22,1.52,1.35,"4,000",1.36,"2,900",1.4,"16,100",1.5,200,-0.02,-1.3%,1.5,100,1.52,"4,500",1.58,"4,000",1.6,1.4,"26,800",,100,"1,999,900"
CMV,19.25,16.75,18,,,,,,,,,,,17.85,100,18,"2,600",18.1,200,,,,,,"5,905,254"
CMWG2013,23.36,14.24,18.8,16,500,17.14,300,17.48,300,18.52,100,-0.28,-1.5%,,,,,,,18.56,17.34,"6,000",,,"1,000,000"
CMWG2015,4.02,2.22,3.12,2.85,800,2.9,"6,100",2.95,"2,800",3,"1,700",-0.12,-3.8%,3,"3,600",3.05,"6,300",3.09,"50,000",3.1,2.8,"77,800",,,"5,000,000"
CMWG2016,3.79,1.99,2.89,2.55,"3,900",2.56,"1,000",2.89,100,2.89,"2,000",0.00,0.0%,2.91,"6,900",2.93,300,2.95,300,2.96,2.48,"99,100",,,"5,000,000"
CMWG2017,3.92,1.68,2.8,2.59,"2,000",2.6,100,2.7,"2,300",2.7,200,-0.10,-3.6%,2.78,"3,000",2.8,"40,400",2.89,"1,300",2.8,2.4,"151,800",,,"2,400,000"
CMWG2101,3.47,1.67,2.57,1.69,"2,600",1.7,"1,500",2.32,100,2.47,100,-0.10,-3.9%,2.47,"3,800",2.56,500,2.57,"14,600",2.62,2.37,"23,300",,,"4,997,200"
CMWG2102,6.9,3.3,5.1,4.52,"2,000",4.6,200,4.8,700,5.05,100,-0.05,-1.0%,5,200,5.05,"4,900",5.25,100,5.05,4.6,"4,200",,,"1,500,000"
CMWG2103,2.79,0.99,1.89,1.78,100,1.83,100,1.84,"2,000",1.85,500,-0.04,-2.1%,1.85,"4,600",1.89,100,1.9,100,1.91,1.69,"12,600",100,,"1,988,200"
CMX,16.45,14.35,15.4,14.95,900,15,"11,900",15.05,"3,000",15.15,500,-0.25,-1.6%,15.15,"5,500",15.2,"7,700",15.3,"15,500",15.4,14.8,"253,600","6,900",,"8,576,346"
CNG,25.55,22.25,23.9,22.55,800,22.9,200,23,"2,600",23,"5,000",-0.90,-3.8%,23.5,"2,900",23.6,"1,000",23.7,500,24,22.4,"245,100","2,300","1,500","10,793,539"
CNVL2003,2.56,1.44,2,1.96,"1,000",1.97,"1,000",1.98,"4,000",2,800,0.00,0.0%,2,"22,200",2.03,"20,000",2.06,"10,700",2,1.92,"593,800","57,900","368,400","7,907,300"
CNVL2101,2.07,1.37,1.72,1.37,"7,300",1.6,"10,000",1.65,700,1.65,100,-0.07,-4.1%,1.69,600,1.7,200,1.72,"1,000",1.69,1.64,"14,300","14,100",,"1,918,600"
COM,49.75,43.25,46.5,43.25,500,43.3,100,45,"2,000",,,,,46.5,"1,600",49.75,100,,,,,,,,"6,862,488"
CPNJ2009,4.38,2.88,3.63,2.91,"5,200",3,400,3.2,500,3.32,"40,000",-0.31,-8.5%,3.49,"2,000",3.5,"24,900",3.55,"5,300",3.55,2.9,"60,700",,,"5,000,000"
CPNJ2101,2.25,1.07,1.66,1.55,"15,400",1.57,300,1.58,"3,000",1.6,200,-0.06,-3.6%,1.6,"53,900",1.62,"17,900",1.64,"2,000",1.66,1.48,"112,800",,,"4,998,000"
CPNJ2102,3.94,1.56,2.75,2.4,"2,800",2.6,100,2.61,"4,900",2.75,100,0.00,0.0%,2.75,"34,400",2.76,"1,000",2.78,"5,900",2.78,2.07,"11,000",200,,"1,496,500"
CPNJ2103,3.89,1.51,2.7,2.1,"4,000",2.47,100,2.48,100,2.48,400,-0.22,-8.1%,2.59,"7,600",2.7,"22,000",2.79,"1,800",2.7,2.02,"29,300",,,"2,498,000"
CRC,12.85,11.25,12.05,11.8,600,11.85,"3,400",12,"2,500",12.05,100,0.00,0.0%,12.05,"11,600",12.1,"2,700",12.2,"30,800",12.05,11.25,"223,400",300,"16,300","7,236,330"
CRE,32.5,28.3,30.4,31.3,"30,000",31.35,"26,800",31.4,"100,500",31.5,"23,000",1.10,3.6%,31.5,"16,000",31.55,100,31.6,"2,400",31.5,29.9,"2,476,900","82,800","36,100","38,057,527"
CREE2006,4.21,2.37,3.29,2.99,"15,000",3.01,300,3.1,"2,400",3.14,"4,000",-0.15,-4.6%,3.14,"10,400",3.16,"2,700",3.29,"5,000",3.16,2.9,"50,500",,,"5,000,000"
CREE2101,3.83,1.99,2.91,2.79,"15,400",2.81,"13,400",2.85,100,2.87,100,-0.04,-1.4%,2.95,200,2.97,100,3.02,100,2.87,2.78,"25,700","1,300",,"3,993,800"
CSBT2007,4.44,2.84,3.64,3.08,"10,000",3.1,100,3.21,"9,000",3.38,"1,000",-0.26,-7.1%,3.38,"4,000",3.39,400,3.4,"5,500",3.4,2.87,"789,900","110,200","546,200","3,092,240"
CSBT2101,1.99,1.37,1.68,1.52,"2,200",1.55,"5,300",1.59,100,1.68,200,0.00,0.0%,1.68,"12,300",1.7,"8,000",1.71,"3,200",1.68,1.45,"29,000",,,"2,000,000"
CSM,20.75,18.05,19.4,18.55,"2,000",18.6,"3,500",18.7,"5,300",18.9,100,-0.50,-2.6%,19,"5,500",19.05,"1,000",19.35,500,19.45,18.5,"60,000",,300,"49,793,972"
CSTB2006,3.75,2.45,3.1,2.6,100,2.78,"2,100",2.9,"1,000",3,"1,000",-0.10,-3.2%,3.02,"8,600",3.05,500,3.07,"1,000",3.07,2.78,"69,000","63,500","4,600","498,120"
CSTB2007,4.55,3.25,3.9,3.91,"1,000",3.92,"9,500",4,"4,700",4,300,0.10,2.6%,4.04,200,4.1,"7,100",4.11,"3,800",4.11,3.79,"425,900","179,400","173,900","3,566,300"
CSTB2010,4.35,3.05,3.7,3.55,"1,500",3.67,700,3.71,"10,000",3.74,800,0.04,1.1%,3.74,"1,200",3.76,"1,000",3.9,"1,000",3.74,3.55,"96,800",,,"3,470,470"
CSTB2011,5.52,2.92,4.22,3.59,"2,000",3.8,"11,300",3.9,"1,600",4.09,"1,800",-0.13,-3.1%,4.1,"27,200",4.2,"47,200",4.25,"4,400",4.5,3.9,"323,400","1,400",,"4,986,800"
CSTB2012,6.97,4.37,5.67,4.38,200,4.5,"2,000",4.51,100,5.78,"20,000",0.11,1.9%,5.78,"1,700",5.88,100,5.9,"30,200",5.88,5.67,"328,100",,,"5,000,000"
CSTB2014,8.5,5.9,7.2,7.07,300,7.08,100,7.2,200,7.33,100,0.13,1.8%,7.36,"8,600",7.6,"8,500",7.7,"20,000",7.36,7.05,"116,800",,,"4,999,000"
CSTB2016,3.15,1.85,2.5,2.4,"5,000",2.5,"17,000",2.52,"6,900",2.7,500,0.20,8.0%,2.7,500,2.74,"2,500",2.75,"17,000",2.7,2.51,"69,300","6,700",,"2,877,540"
CSTB2017,5.4,2.8,4.1,3.9,"1,500",3.95,"3,000",4,"2,000",4.08,"1,500",-0.02,-0.5%,4.1,"3,800",4.19,300,4.2,"15,500",4.2,3.75,"38,500",,"14,000","1,960,600"
CSTB2101,2.93,1.63,2.28,1.97,"5,000",1.98,"3,000",2.05,800,2.24,100,-0.04,-1.8%,2.25,"4,000",2.27,100,2.3,"12,800",2.27,1.78,"21,300",,,"1,975,700"
CSTB2102,4.5,1.9,3.2,3.1,600,3.25,"3,300",3.26,"1,000",3.26,"1,000",0.06,1.9%,3.28,"2,600",3.31,"1,100",3.34,"12,400",3.35,3.05,"80,300",,,"1,963,600"
CSTB2103,3.18,1.88,2.53,2.3,"50,100",2.32,800,2.45,"2,800",2.49,300,-0.04,-1.6%,2.49,"43,100",2.5,"4,100",2.51,900,2.52,2.3,"141,900",,,"5,000,000"
CSV,33.15,28.85,31,29.9,200,29.95,200,30,"2,900",30.4,"5,000",-0.60,-1.9%,30.4,"3,100",30.5,"2,600",30.6,"3,700",31,29,"248,300","4,000","6,500","15,428,036"
CTCB2009,19.73,14.23,16.98,15.2,500,16.25,200,16.4,"1,800",17.21,100,0.23,1.4%,17.21,"1,500",17.26,"1,400",17.27,500,17.4,16.31,"68,100",,,"3,000,000"
CTCB2010,10.42,7.68,9.05,7.68,200,7.8,500,8.31,"10,000",8.9,"9,800",-0.15,-1.7%,8.93,"3,200",8.95,"10,000",9.1,"5,000",8.95,8,"163,200",,,"4,990,000"
CTCB2012,20.85,15.35,18.1,17.7,100,17.76,700,17.8,300,18.01,"2,000",-0.09,-0.5%,18.15,"5,000",18.2,"14,100",18.3,"1,000",18.37,17.2,"245,500","1,000",,"4,926,000"
CTCB2013,19.36,13.86,16.61,15.45,"1,000",15.96,"2,000",16.12,100,16.26,"49,500",-0.35,-2.1%,,,,,,,16.7,15.81,"396,500",,,"4,834,500"
CTCB2101,15.25,9.75,12.5,11.8,500,12.3,"36,700",12.4,"1,000",12.4,500,-0.10,-0.8%,12.6,"26,100",12.7,"3,200",12.8,500,12.7,11.8,"96,800",,,"1,990,000"
CTCB2102,5.96,3.22,4.59,4.2,"2,900",4.25,500,4.3,"2,700",4.3,200,-0.29,-6.3%,4.55,"3,400",4.57,"2,300",4.58,"3,100",4.59,4.2,"62,400",,,"4,990,900"
CTCB2103,6.87,4.13,5.5,5.13,100,5.16,"2,000",5.2,"1,000",5.28,"1,000",-0.22,-4.0%,5.28,"6,000",5.29,"2,100",5.3,"9,000",5.39,5,"291,200",,,"4,994,000"
CTCH2001,1.63,0.87,1.25,1.16,700,1.17,"3,000",1.19,"2,200",1.19,500,-0.06,-4.8%,1.22,600,1.23,100,1.24,"16,600",1.25,1,"354,600",,,"7,999,900"
CTCH2003,2.29,1.53,1.91,1.75,"4,000",1.76,"4,200",1.78,400,1.9,100,-0.01,-0.5%,1.9,"21,100",1.91,"17,000",1.92,"12,900",1.93,1.63,"47,500",,,"5,997,000"
CTCH2101,2.63,1.87,2.25,2.01,"2,100",2.02,100,2.06,200,2.22,100,-0.03,-1.3%,2.22,"4,900",2.23,"5,000",2.24,"13,000",2.22,1.98,"43,700",,,"2,000,000"
CTD,78.2,68,73.1,70.8,"5,800",71,"37,500",71.1,"5,800",71.1,"25,300",-2.00,-2.7%,72.6,"2,400",72.7,"3,100",72.8,"2,000",73.5,71,"889,200","2,600","21,900","2,898,746"
CTF,21.5,18.7,20.1,,,18.7,"2,800",19.9,"1,600",20,"3,000",-0.10,-0.5%,20,800,20.1,"2,000",20.15,"1,500",20,18.7,"171,400",,"2,200","33,437,312"
CTG,42.15,36.65,39.4,38.95,"2,000",39,"63,600",39.05,"191,700",39.05,"104,100",-0.35,-0.9%,39.35,"17,000",39.4,"165,600",39.45,"123,200",39.8,37.8,"16,252,400","229,700","4,787,100","95,721,496"
CTI,19.65,17.15,18.4,18.3,"2,300",18.35,"3,000",18.4,"9,900",18.4,"30,000",0.00,0.0%,18.7,"28,000",18.75,"2,100",18.8,"15,800",18.8,17.5,"814,000","20,900","30,000","30,235,805"
CTS,16.4,14.3,15.35,15.45,"5,400",15.5,"17,000",15.55,"3,200",15.65,"2,200",0.30,2.0%,15.65,"2,200",15.7,"11,500",15.75,"6,300",15.7,14.5,"994,300","21,800",300,"48,659,148"
CVHM2006,1.06,0.4,0.73,0.65,"4,200",0.67,"7,100",0.69,"1,800",0.7,200,-0.03,-4.1%,0.7,"61,700",0.71,"7,200",0.72,"5,100",0.71,0.6,"895,700","213,500","66,700","9,703,530"
CVHM2008,2.47,1.13,1.8,1.65,500,1.7,"13,600",1.71,"2,700",1.78,100,-0.02,-1.1%,1.78,"2,600",1.79,"11,200",1.8,"53,000",1.81,1.63,"123,500",,,"6,664,250"
CVHM2009,3.15,1.81,2.48,2.02,100,2.03,"10,000",2.06,"5,000",2.31,100,-0.17,-6.9%,2.31,"4,900",2.32,"5,000",2.33,"8,300",2.45,2.01,"380,800",,,"5,000,000"
CVHM2010,3.07,1.73,2.4,1.89,"50,000",1.9,"1,000",2.21,"5,000",2.3,"8,000",-0.10,-4.2%,2.3,"71,900",2.34,"1,800",2.35,"48,000",2.45,1.9,"139,200",,,"5,000,000"
CVHM2101,2.11,1.29,1.7,1.32,"3,000",1.33,"3,000",1.34,"1,700",1.5,"5,800",-0.20,-11.8%,1.7,"11,500",1.76,"1,000",1.77,500,1.88,1.5,"40,200","5,800",,"1,987,700"
CVHM2102,3.15,1.81,2.48,2.26,100,2.27,200,2.3,200,2.27,100,-0.21,-8.5%,2.39,"1,000",2.4,"30,200",2.44,"4,300",2.48,1.88,"60,200",,,"4,989,500"
CVHM2103,2.42,1.08,1.75,1.56,500,1.59,"1,300",1.6,"4,200",1.7,100,-0.05,-2.9%,1.7,"11,100",1.71,400,1.73,"3,200",1.75,1.5,"101,700",,,"2,494,000"
CVHM2104,2.57,1.23,1.9,1.79,"5,100",1.8,"6,200",1.84,"39,300",1.84,200,-0.06,-3.2%,1.87,100,1.88,"13,200",1.89,200,1.89,1.75,"190,500",,,"4,999,000"
CVIC2004,1.16,0.4,0.78,0.76,400,0.78,"3,000",0.8,700,0.83,500,0.05,6.4%,0.84,"3,700",0.85,"22,000",0.86,"4,000",0.87,0.73,"481,000",,,"5,858,520"
CVIC2005,2.22,0.68,1.45,1.45,"1,000",1.47,"3,000",1.48,900,1.5,500,0.05,3.4%,1.5,"15,400",1.53,"10,000",1.54,"7,000",1.6,1.4,"200,100","24,500",,"5,988,940"
CVIC2006,3.16,1.62,2.39,1.9,400,1.91,"13,600",2,500,2.45,300,0.06,2.5%,2.45,"1,800",2.46,"6,000",2.47,"5,200",2.59,1.9,"141,500",,,"4,999,000"
CVIC2101,1.92,1.16,1.54,1.49,200,1.5,"1,100",1.51,"1,500",1.52,"1,300",-0.02,-1.3%,1.55,"10,900",1.58,"12,500",1.6,"20,300",1.7,1.5,"38,200",,,"1,986,400"
CVIC2102,2.64,1.1,1.87,2,"1,400",2.01,"1,500",2.05,700,2.05,400,0.18,9.6%,2.1,"7,300",2.11,"1,000",2.15,"10,100",2.1,1.8,"280,000",,,"1,490,000"
CVJC2004,1.44,0.56,1,0.86,"9,100",0.87,"1,800",0.88,"5,000",0.97,100,-0.03,-3.0%,0.97,"5,500",0.98,400,0.99,"12,900",1.02,0.85,"42,900","2,100","36,900","1,742,300"
CVJC2006,1.9,1.02,1.46,1.33,"2,500",1.34,"3,000",1.42,400,1.45,200,-0.01,-0.7%,1.45,"3,500",1.46,"17,700",1.47,"5,100",1.48,1.3,"116,600","10,700","10,200","4,891,810"
CVNM2011,1.5,0.68,1.09,1,"3,400",1.01,"2,900",1.02,300,1.04,100,-0.05,-4.6%,1.04,"2,800",1.06,"6,900",1.08,100,1.09,1,"96,900",,,"9,997,500"
CVNM2012,3.69,0.01,0.26,,,0.02,"70,000",0.05,"8,000",0.05,"6,100",-0.21,-80.8%,0.17,200,0.33,"6,200",0.7,600,0.21,0.05,"225,800",,,"999,700"
CVNM2013,0.9,0.01,0.22,0.07,"18,800",0.08,"15,700",0.09,"12,000",0.08,700,-0.14,-63.6%,0.11,"2,200",0.12,700,0.13,"17,300",0.21,0.08,"419,400",,,"4,999,400"
CVNM2014,1.63,0.01,0.26,0.11,600,0.12,"5,100",0.13,"2,000",0.22,100,-0.04,-15.4%,0.22,"12,100",0.23,"21,400",0.24,"9,200",0.24,0.11,"24,500",,,"1,000,000"
CVNM2101,2.1,1.42,1.76,1.57,200,1.58,"14,000",1.6,"11,500",1.72,500,-0.04,-2.3%,1.72,"12,300",1.74,"13,000",1.76,"20,000",1.74,1.6,"18,900",,,"2,000,000"
CVNM2102,2.48,1.12,1.8,1.67,"2,000",1.68,200,1.7,100,1.7,400,-0.10,-5.6%,1.75,"2,300",1.76,300,1.79,"17,900",1.79,1.6,"51,200",,,"3,998,000"
CVNM2103,2.52,1.16,1.84,1.75,"2,100",1.76,"6,300",1.78,"1,300",1.78,"1,700",-0.06,-3.3%,1.83,"10,000",1.84,900,1.85,"7,500",1.83,1.7,"76,000",,,"2,997,000"
CVPB2010,22.13,16.13,19.13,16.3,"1,200",18.55,200,18.56,100,19.01,400,-0.12,-0.6%,19.11,100,19.31,100,19.51,100,19.31,18.01,"7,000",,,"1,999,990"
CVPB2011,11.5,8.5,10,,,,,8.5,"4,000",10,100,0.00,0.0%,10,"2,900",11.3,500,11.5,"1,100",10,8.93,"21,200",,,"5,000,000"
CVPB2012,11.91,8.91,10.41,,,,,8.95,"1,000",9.97,"1,000",-0.44,-4.2%,10,100,11.3,"9,000",11.5,"10,000",9.97,9.97,"8,000",,,"5,000,000"
CVPB2013,19.2,13.2,16.2,14,"2,300",14.4,"1,000",14.5,"1,900",15,100,-1.20,-7.4%,16.2,300,16.5,200,18.5,500,15.7,14,"20,600",,,"999,990"
CVPB2015,21.86,15.86,18.86,,,15.86,"1,000",17.4,"20,300",17.43,"1,000",-1.43,-7.6%,21.86,100,,,,,18.26,16.8,"215,500",,,"2,497,000"
CVPB2016,20.21,14.21,17.21,,,,,15.8,"1,000",15.79,700,-1.42,-8.3%,20.21,100,,,,,16.74,15.79,"20,200",,,"2,196,780"
CVPB2017,1.6,1,1.3,1.1,"1,000",1.11,"4,200",1.18,"4,000",1.29,300,-0.01,-0.8%,1.29,"4,700",1.3,"23,200",1.45,100,1.29,1.08,"108,200","76,600","27,000","871,680"
CVPB2101,5.99,2.99,4.49,4,"3,000",4.4,"3,500",4.52,"1,800",4.52,400,0.03,0.7%,4.57,700,4.61,"2,000",5,"18,900",4.52,4,"51,500",,,"2,988,000"
CVPB2102,6.3,3.3,4.8,4.42,"5,000",4.45,"5,200",4.5,"5,000",4.6,400,-0.20,-4.2%,4.89,100,4.9,500,4.94,"3,100",4.98,4.42,"95,000",,,"2,000,000"
CVPB2103,6.71,3.71,5.21,4.71,500,4.8,600,4.99,400,5.18,100,-0.03,-0.6%,5.18,"2,500",5.2,900,5.21,"4,600",5.2,4.7,"77,700",,,"5,000,000"
CVRE2007,0.7,0.01,0.25,0.13,"27,300",0.14,"15,000",0.15,"5,000",0.16,"5,000",-0.09,-36.0%,0.16,"8,000",0.17,"69,900",0.18,"3,000",0.23,0.1,"1,180,600",,"50,000","6,742,850"
CVRE2009,1.5,0.6,1.05,0.93,800,0.94,"133,700",0.95,"10,800",0.98,100,-0.07,-6.7%,0.98,"7,900",1,"7,800",1.04,"5,000",1,0.92,"393,100","25,000","120,900","6,553,350"
CVRE2011,1.89,0.77,1.33,1.16,"5,000",1.17,"2,000",1.18,"10,000",1.24,"1,400",-0.09,-6.8%,1.24,"1,000",1.25,"17,400",1.27,100,1.27,1.1,"269,300","90,000","89,600","4,558,390"
CVRE2012,2.11,0.99,1.55,1.15,"1,000",1.2,"2,000",1.3,"10,100",1.4,100,-0.15,-9.7%,1.4,400,1.41,"10,000",1.42,"10,500",1.55,1.22,"239,700",,,"5,000,000"
CVRE2013,9.95,5.45,7.7,7.05,"5,000",7.18,200,7.2,300,7.45,100,-0.25,-3.2%,7.45,"15,700",7.46,600,7.5,"1,500",7.5,6.6,"255,200",500,,"3,356,900"
CVRE2014,8.75,4.25,6.5,5.82,"1,500",6,"7,600",6.09,"1,500",6.09,100,-0.41,-6.3%,6.1,"1,600",6.14,"3,400",6.18,100,6.49,4.25,"263,800",,,"4,096,300"
CVRE2015,4.02,1.78,2.9,2.81,"3,000",2.89,600,2.9,"3,000",2.9,"2,000",0.00,0.0%,3,"10,200",3.1,"2,900",3.2,"5,100",3.1,2.7,"74,000",,,"2,000,000"
CVRE2101,2.51,1.39,1.95,1.5,"11,600",1.53,"13,300",1.54,400,1.93,100,-0.02,-1.0%,1.92,"20,000",1.93,"20,100",1.94,"1,700",1.95,1.53,"50,600","13,400",,"1,971,600"
CVRE2102,2.54,1.42,1.98,1.85,600,1.86,"2,000",1.88,"1,000",1.95,100,-0.03,-1.5%,1.95,"10,500",1.96,300,1.97,"14,000",2.09,1.8,"113,800",,"1,300","4,992,000"
CVRE2103,2.43,1.31,1.87,1.51,"7,000",1.55,900,1.61,"1,000",1.72,100,-0.15,-8.0%,1.7,"2,000",1.72,"1,800",1.73,"2,000",1.87,1.6,"435,300","4,000",,"4,999,000"
CVT,55.3,48.1,51.7,,,48.1,"1,900",50,"5,000",52,100,0.30,0.6%,51.7,"2,600",51.9,400,52,"1,900",52,48.1,"40,400",,"3,500","36,110,280"
D2D,60.8,53,56.9,55.9,"1,200",56,"8,600",56.1,"12,500",56.5,900,-0.40,-0.7%,56.5,400,56.6,"1,700",56.7,"3,500",56.8,54,"407,700","1,000","12,700","13,937,477"
DAG,7.54,6.56,7.05,6.95,"2,300",6.96,"1,100",6.97,"4,500",7,"1,000",-0.05,-0.7%,7,"13,600",7.01,"2,200",7.02,"9,800",7.03,6.7,"734,400","4,000","3,600","20,774,161"
DAH,6.61,5.75,6.18,5.86,"1,100",5.89,"1,300",5.9,"4,900",5.9,200,-0.28,-4.5%,5.93,300,5.96,"7,600",5.98,"29,100",6.14,5.75,"2,001,600","5,100","91,300","16,151,130"
DAT,29.85,25.95,27.9,26.1,100,26.15,200,26.7,200,26.85,600,-1.05,-3.8%,26.85,200,27,200,27.85,100,27,26.85,"1,100",,,"22,541,767"
DBC,62.2,54.2,58.2,57.9,100,58,"5,300",58.1,"10,500",58.4,"8,100",0.20,0.3%,58.4,"6,900",58.5,"39,900",58.6,"19,400",58.8,56.1,"2,519,500","5,000","31,700","47,750,535"
DBD,50.2,43.75,47,46.1,600,46.15,100,46.2,"1,100",46.2,100,-0.80,-1.7%,46.55,"4,100",46.9,"5,000",46.95,"3,800",46.7,46.15,"13,400",,300,"52,319,970"
DBT,13.15,11.45,12.3,12.1,"1,100",12.2,"1,500",12.3,"1,400",12.3,400,0.00,0.0%,12.5,300,12.6,"2,300",12.65,"1,100",12.3,12.2,"7,600",,,
DC4,16.15,14.05,15.1,15,"9,500",15.1,"1,000",15.2,"2,900",15.2,100,0.10,0.7%,15.3,500,16,"3,100",16.1,"4,500",15.3,14.4,"56,600",,,"15,602,806"
DCL,29.85,25.95,27.9,27.8,"10,000",27.9,"5,000",28,"11,900",28.5,"3,000",0.60,2.2%,28.5,"17,700",28.6,"20,000",29.05,600,28.5,26.1,"123,400",100,"3,000","17,073,147"
DCM,17.85,15.55,16.7,16.6,"100,300",16.65,"1,300",16.7,"2,100",16.8,"2,200",0.10,0.6%,16.8,"60,100",16.85,"61,600",16.9,"44,200",16.95,16.2,"3,996,100","404,900","6,700","241,617,343"
DGC,72,62.6,67.3,66.1,"2,500",66.3,"2,500",66.5,300,66.9,"12,800",-0.40,-0.6%,66.9,"11,400",67,"10,200",67.1,"10,100",67.6,65,"656,000","28,500","4,300","69,430,689"
DGW,126.1,109.7,117.9,113.9,"2,100",114,400,114.5,"15,000",115,300,-2.90,-2.5%,115,"9,900",115.9,200,116,"10,500",117.8,110,"552,900","33,500","181,600","8,955,001"
DHA,54.9,47.85,51.4,50,700,50.1,200,50.2,200,50.9,100,-0.50,-1.0%,50.9,600,51,"2,400",51.3,500,51.4,50,"12,100",,,"5,424,111"
DHC,87.3,75.9,81.6,80.6,"18,500",80.9,300,81.1,700,81,100,-0.60,-0.7%,81.4,"2,500",81.5,"1,300",81.6,"2,400",81.6,80,"233,800","7,400","25,000","10,627,959"
DHG,107,93,100,97,"1,800",97.1,200,98,"2,800",98,200,-2.00,-2.0%,98.6,400,99,"4,300",100,800,100,98,"20,200","6,100",,"59,369,761"
DHM,10.7,9.3,10,9.97,"3,800",9.98,"1,900",9.99,"4,500",10,"4,000",0.00,0.0%,10.05,"7,000",10.1,"8,000",10.15,"4,000",10.05,9.97,"212,200",,"19,500","14,951,529"
DIG,32.45,28.25,30.35,29.5,"5,600",29.55,"5,000",29.6,"4,700",29.9,"23,100",-0.45,-1.5%,29.9,"38,200",30,"72,700",30.05,"15,100",30.4,28.4,"3,871,100","21,000",,"150,761,566"
DLG,2.16,1.88,2.02,1.98,"26,100",1.99,"15,200",2,"6,400",2.01,"1,000",-0.01,-0.5%,2.01,"140,300",2.02,"280,900",2.03,"129,800",2.02,1.92,"8,664,100","49,100","77,200","138,276,860"
DMC,58.8,51.2,55,53.5,"2,700",53.6,"2,500",54.3,500,54.6,500,-0.40,-0.7%,54.6,"4,400",54.7,"2,000",54.8,"4,000",55.1,53.2,"48,800","6,400","5,700","14,645,480"
DPG,31.55,27.45,29.5,30.3,"12,000",30.4,"11,600",30.5,"2,700",30.5,"2,000",1.00,3.4%,30.6,"1,000",30.75,"2,800",30.8,"17,900",30.75,29.25,"786,800","4,400",600,"21,838,383"
DPM,20.7,18,19.35,19.1,"6,700",19.2,900,19.25,100,19.3,"12,000",-0.05,-0.3%,19.3,"56,900",19.35,"82,700",19.4,"71,600",19.4,18.7,"2,198,400","266,000","15,400","138,738,699"
DPR,53.5,46.5,50,48.2,100,49,"2,900",49.05,200,49.8,100,-0.20,-0.4%,49.8,900,49.85,500,49.9,"2,600",49.9,49,"6,500",500,,"16,051,870"
DQC,25.65,22.35,24,23,"5,100",23.1,"1,000",23.2,"1,000",23.1,"1,800",-0.90,-3.8%,23.4,"1,200",23.8,"2,000",23.9,500,24,22.5,"116,100","2,800","1,400","16,479,192"
DRC,30.15,26.25,28.2,28.1,"11,500",28.15,"6,000",28.2,"3,500",28.3,"6,500",0.10,0.4%,28.3,"20,800",28.35,"14,100",28.4,"21,400",28.7,27.1,"1,754,300","18,400","54,200","45,842,138"
DRH,13.2,11.5,12.35,11.85,"26,900",11.9,"46,100",12,"3,000",12.2,"12,800",-0.15,-1.2%,12.2,"36,200",12.25,"5,400",12.3,"101,900",12.3,11.5,"2,039,600","33,400","4,200","28,197,773"
DRL,60.9,53.1,57,56.8,400,56.9,"1,700",57,700,56.9,500,-0.10,-0.2%,57.7,300,58.6,100,59.5,100,57,56.9,"1,200",,400,"4,553,230"
DSN,51,44.4,47.7,46.8,100,46.9,100,47.2,500,47.3,500,-0.40,-0.8%,47.3,"1,700",47.4,"2,800",47.6,800,47.7,47,"18,000","1,500",,"3,469,141"
DTA,12.4,10.8,11.6,,,,,10.8,"3,900",11.55,300,-0.05,-0.4%,11.55,"3,600",11.6,"4,500",11.8,700,11.55,10.8,"266,300",,,"8,831,151"
DTL,13.65,11.95,12.8,12.7,"2,000",12.8,"5,000",13,"3,000",,,,,,,,,,,,,,,,"30,101,724"
DTT,14.4,12.6,13.5,,,,,12.6,100,,,,,,,,,,,,,,,,"3,979,994"
DVP,49.6,43.2,46.4,45.3,"4,000",45.4,"1,200",45.5,"1,300",45.5,"1,100",-0.90,-1.9%,46,"3,000",46.1,400,46.2,300,46.45,45.2,"21,100","6,800",300,"14,453,790"
DXG,25.6,22.3,23.95,23.25,"142,600",23.3,"129,300",23.35,"153,600",23.4,"7,200",-0.55,-2.3%,23.4,"47,100",23.45,"1,000",23.5,"14,500",23.6,22.3,"11,652,000","584,400","698,500","79,504,493"
DXV,5.01,4.37,4.69,,,4.37,"3,000",4.4,"2,200",4.6,"1,000",-0.09,-1.9%,4.6,"3,000",4.68,"6,400",4.69,"3,000",4.68,4.5,"3,500",,,"4,822,850"
E1VFVN30,20.97,18.23,19.6,19.38,100,19.47,800,19.5,600,19.65,100,0.05,0.3%,19.65,"9,400",19.7,"10,000",19.8,300,19.65,19.21,"572,400","5,676,600","1,893,900","8,238,760"
EIB,20.3,17.7,19,18.8,"1,500",18.85,"1,300",18.9,"1,000",19,"69,500",0.00,0.0%,19,"50,600",19.05,"1,900",19.1,"8,600",19,18.2,"274,500","4,700","3,200","2,229,681"
ELC,14.65,12.75,13.7,13.15,"1,600",13.2,"2,000",13.25,"2,500",13.25,300,-0.45,-3.3%,13.3,"40,300",13.4,"1,000",13.5,"6,500",13.9,12.75,"828,300","34,100","7,100","18,644,705"
EMC,20.85,18.15,19.5,,,,,,,20.45,100,0.95,4.9%,20.85,100,,,,,20.45,20.45,100,,,"7,490,173"
EVE,17.1,14.9,16,,,14.9,"30,100",15,"1,600",15.1,500,-0.90,-5.6%,15.1,"3,600",15.2,100,15.3,500,15.6,14.9,"175,200","12,200",,"13,779,307"
EVG,11.2,9.77,10.5,11,"2,400",11.1,"1,600",11.2,"49,000",11.2,500,0.70,6.7%,,,,,,,11.2,10.5,"1,838,300","4,200","3,900","50,646,470"
FCM,7.38,6.42,6.9,6.68,"1,200",6.7,"5,200",6.71,"7,800",6.72,200,-0.18,-2.6%,6.72,400,6.8,"10,700",6.85,"2,700",6.81,6.71,"18,300",,,"19,255,585"
FCN,15.05,13.15,14.1,13.8,"51,100",13.85,"39,600",13.9,"20,500",14,"11,000",-0.10,-0.7%,14,"118,400",14.05,"8,100",14.1,"39,100",14.1,13.4,"2,649,100","95,700",100,"48,132,557"
FDC,13.25,11.55,12.4,11.75,200,11.8,"1,000",11.9,500,12,"2,000",-0.40,-3.2%,12.3,"1,000",12.4,"3,900",12.5,100,12,11.7,"2,500",,,"18,914,830"
FIR,27.55,23.95,25.75,25.35,"7,500",25.4,"3,200",25.5,"1,000",25.5,300,-0.25,-1.0%,25.6,"3,000",25.65,"2,500",25.7,"1,500",26,25.3,"98,200",,200,"13,060,175"
FIT,11.1,9.68,10.4,9.88,"1,400",9.89,"19,400",9.9,"19,800",9.9,"43,000",-0.50,-4.8%,10.05,"2,900",10.1,"16,100",10.15,"6,200",10.4,9.68,"4,629,200","7,700","13,600","120,561,882"
FLC,11.15,9.72,10.45,10.95,"3,250,200",11,"20,980,400",11.05,"9,253,600",11.05,"202,700",0.60,5.7%,11.1,"673,500",11.15,"9,044,400",,,11.15,10.1,"52,547,400","322,900","1,602,900","329,546,278"
FMC,36.95,32.15,34.55,34.65,"10,100",35,"16,500",35.1,"5,100",35.1,200,0.55,1.6%,35.2,100,35.3,"20,000",35.5,600,35.5,33.9,"235,700","3,700","6,900","20,142,911"
FPT,81.9,71.3,76.6,75.7,"4,000",75.8,"1,500",76,"2,200",76.1,"1,200",-0.50,-0.7%,76.1,"2,400",76.2,"49,900",76.3,"1,000",76.8,74.5,"2,672,600",,,
FRT,33.3,29,31.15,29.7,"1,700",29.8,800,29.9,200,30,200,-1.15,-3.7%,30,"3,800",30.1,"1,300",30.15,"20,400",31,29,"3,237,300","5,600","1,600","29,193,010"
FTM,2.24,1.96,2.1,1.99,"1,100",2,"19,200",2.01,"2,600",2.01,400,-0.09,-4.3%,2.02,300,2.09,"4,100",2.1,"134,300",2.1,1.98,"439,300",,,"24,285,980"
FTS,17.65,15.35,16.5,16.6,"5,800",16.65,"8,300",16.7,"49,900",16.9,100,0.40,2.4%,16.9,"27,400",17,"15,800",17.05,"5,400",17,16.3,"776,400","9,700",,"103,296,496"
FUCTVGF1,14.25,12.45,13.35,,,,,,,13.3,100,-0.05,-0.4%,13.35,800,,,,,13.35,13.3,200,100,,"7,347,110"
FUCTVGF2,13.9,12.1,13,,,,,,,,,,,13.9,"1,500",,,,,,,,,,"8,085,878"
FUCVREIT,9.95,8.65,9.3,,,,,,,9.5,100,0.20,2.2%,9.95,"1,400",,,,,9.5,9.3,200,100,100,"2,418,310"
FUEMAV30,14.66,12.76,13.71,13.45,"1,000",13.49,300,13.5,"2,000",13.58,"3,000",-0.13,-0.9%,13.67,"3,000",13.88,100,14.3,"1,000",13.75,13.4,"112,400","112,000","111,100","1,836,520"
FUESSV30,15.6,13.56,14.58,14.33,"24,900",14.36,100,14.42,300,14.3,100,-0.28,-1.9%,14.56,100,14.71,100,,,14.58,14.21,"1,700",100,200,"3,532,480"
FUESSV50,18.19,15.81,17,16.2,"10,000",16.29,100,16.5,"10,000",16.8,200,-0.20,-1.2%,16.8,"5,100",17,"8,900",17.1,400,17,16.5,"96,900","1,500",,"3,854,550"
FUESSVFL,16.79,14.61,15.7,15.34,"5,100",15.45,300,15.47,100,15.45,200,-0.25,-1.6%,15.6,100,15.66,100,15.79,100,15.61,15.27,"1,700",200,,"1,311,800"
FUEVFVND,20.99,18.25,19.62,19.42,"1,300",19.44,"11,200",19.45,200,19.59,100,-0.03,-0.2%,19.59,"39,400",19.6,"44,900",19.62,"1,500",19.62,19.05,"743,300","784,000","1,400","2,700,159"
FUEVN100,16.18,14.08,15.13,14.92,"1,100",14.95,"1,100",15,100,15.04,100,-0.09,-0.6%,15.08,100,15.12,100,15.17,100,15.6,14.95,"33,800","29,800","33,600","1,737,870"
GAB,205.4,178.6,192,191.3,"1,400",191.5,"2,100",191.6,800,192,"1,000",0.00,0.0%,191.8,700,191.9,500,192,"1,100",192,192,"1,300",,"1,000","6,652,480"
GAS,96.6,84,90.3,88.5,200,88.6,"7,500",89,"10,000",89.2,"8,000",-1.10,-1.2%,89.2,500,89.3,"4,400",89.5,"5,600",89.5,86,"375,100","10,800","19,700","882,439,162"
GDT,51.3,44.65,48,51,"17,000",51.2,"5,600",51.3,"17,700",51.3,700,3.30,6.9%,,,,,,,51.3,48,"460,300",700,"195,900","5,475,900"
GEG,19.9,17.3,18.6,18.5,"22,400",18.6,"10,300",18.65,"1,900",18.7,"24,200",0.10,0.5%,18.7,"48,200",18.8,"18,500",18.85,600,18.7,17.5,"692,600","7,600","22,200","30,397,619"
GEX,23.5,20.5,22,22.2,"9,000",22.25,"17,000",22.3,"36,000",22.35,"1,000",0.35,1.6%,22.35,600,22.4,"3,800",22.45,"11,100",22.7,21,"6,600,100","2,063,400","36,300","186,170,828"
GIL,73.8,64.2,69,67.8,"14,600",68,500,68.6,"3,300",69,"8,000",0.00,0.0%,69,"10,100",69.1,200,69.2,"2,000",69.6,64.2,"473,000","13,300","7,100","15,253,945"
GMC,38.5,33.5,36,,,33.5,"2,100",33.65,300,34.2,100,-1.80,-5.0%,34.2,100,36,"2,700",36.05,100,34.2,34,"9,100",,,"12,171,725"
GMD,35.3,30.7,33,31.9,"6,800",31.95,"1,300",32,"1,100",32.5,"9,600",-0.50,-1.5%,32.5,"43,200",32.6,"10,200",32.7,"26,100",32.8,31.3,"2,443,000","3,800","79,400","33,795,720"
GSP,13.5,11.8,12.65,12.3,200,12.5,"4,000",12.55,"1,100",12.55,200,-0.10,-0.8%,12.65,"1,000",12.7,"5,300",12.75,"3,000",12.7,12.5,"8,100",,,"14,723,040"
GTA,15.7,13.7,14.7,13.75,200,14.5,"1,200",14.65,100,14.7,"2,900",0.00,0.0%,15.25,600,15.5,100,15.7,"1,300",14.8,14.7,"29,000",,,"5,042,605"
GTN,24,20.9,22.45,21.85,"4,900",21.9,"1,000",21.95,"5,200",21.95,300,-0.50,-2.2%,22,"16,000",22.1,"15,400",22.15,700,22.45,21.35,"938,200","6,900","41,300","249,387,261"
GVR,29.5,25.7,27.6,27,"10,000",27.1,200,27.2,"1,400",27.3,"1,000",-0.30,-1.1%,27.3,"8,300",27.35,"2,200",27.4,"15,300",27.5,25.7,"5,217,700","53,100",600,"497,178,110"
HAG,5.51,4.79,5.15,5.05,"115,500",5.06,"45,000",5.07,"4,400",5.13,"1,100",-0.02,-0.4%,5.13,"9,400",5.14,"21,100",5.15,"337,300",5.15,4.9,"7,356,600","13,800","239,500","383,660,790"
HAH,24.8,21.6,23.2,23.4,"5,700",23.55,"14,700",23.6,"2,000",24.1,"26,000",0.90,3.9%,24.1,"3,300",24.2,"2,500",24.3,"2,500",24.1,22.1,"1,134,900","91,600",300,"17,605,245"
HAI,3.86,3.36,3.61,3.4,"212,700",3.41,"30,600",3.42,"36,700",3.42,"130,700",-0.19,-5.3%,3.6,"49,800",3.61,"93,300",3.63,"36,100",3.65,3.38,"4,939,800","75,600","81,400","88,034,104"
HAP,20.5,17.9,19.2,,,,,,,17.9,500,-1.30,-6.8%,17.9,"842,900",17.95,"1,300",18,"24,300",18,17.9,"405,200","1,500","26,800","24,665,409"
HAR,6.59,5.73,6.16,5.91,"16,100",5.92,900,5.95,"41,500",5.96,100,-0.20,-3.2%,5.96,"41,600",5.97,"2,000",5.98,700,6.1,5.73,"1,261,800","9,000","17,000","48,901,894"
HAS,11.25,9.82,10.55,10.8,"3,000",10.9,"1,000",11.25,"4,600",11.25,100,0.70,6.6%,,,,,,,11.25,11,"20,500",,"10,000","2,530,036"
HAX,23.15,20.15,21.65,21.15,"10,000",21.2,"8,700",21.3,300,21.5,"3,000",-0.15,-0.7%,21.5,"4,600",21.6,"4,000",21.7,300,21.9,20.5,"350,700","14,000","1,100","12,988,144"
HBC,19.15,16.65,17.9,17.2,"47,600",17.25,"8,300",17.3,"2,400",17.3,"100,000",-0.60,-3.4%,17.35,"1,000",17.5,"94,900",17.55,"6,500",18,16.65,"9,008,300","64,400","217,800","78,641,514"
HCD,4.79,4.17,4.48,,,,,,,4.17,100,-0.31,-6.9%,4.17,"33,500",4.18,"9,000",4.19,500,4.37,4.17,"1,563,300","2,000","14,500","13,090,260"
HCM,32.1,27.9,30,29.5,"30,700",29.55,"4,000",29.6,"26,900",29.6,"77,200",-0.40,-1.3%,30.25,"23,900",30.3,"69,500",30.35,"42,900",30.5,29.15,"3,496,200","487,900","31,300","163,853,016"
HDB,27.35,23.85,25.6,25.65,"2,100",25.7,"23,000",25.75,"10,200",25.75,"27,800",0.15,0.6%,25.8,"86,200",25.85,"20,300",25.9,"54,100",25.95,24.8,"4,007,600","308,500","68,100","74,890,933"
HDC,46.5,40.5,43.5,43.1,200,43.2,"8,400",43.35,"3,700",43.45,300,-0.05,-0.1%,43.45,"7,100",43.5,"29,600",43.55,700,43.7,42.5,"893,500",200,"13,600","28,629,730"
HDG,46.2,40.2,43.2,42.4,"4,300",42.5,300,42.75,"12,000",42.8,"1,900",-0.40,-0.9%,42.8,"6,100",42.9,"4,900",42.95,"2,000",43.2,40.9,"1,253,300","31,100",700,"58,719,260"
HHP,18.5,16.1,17.3,17,"1,300",17.05,400,17.1,500,17.1,500,-0.20,-1.2%,17.15,"5,000",17.2,"1,100",17.25,"1,100",17.65,16.95,"257,200","7,600","2,000","8,424,830"
HHS,7.01,6.11,6.56,6.35,"23,000",6.4,"2,300",6.42,"2,000",6.45,"1,700",-0.11,-1.7%,6.45,"6,100",6.46,"30,400",6.47,"24,000",6.56,6.12,"3,241,800",,"108,300","128,243,222"
HID,4.96,4.32,4.64,4.48,"5,300",4.59,"10,000",4.6,"1,800",4.6,"3,900",-0.04,-0.9%,4.69,400,4.7,"2,300",4.71,"1,000",4.85,4.48,"706,800",,,"28,483,189"
HII,22.4,19.5,20.95,20.25,"15,300",20.3,"5,300",20.4,"4,500",20.4,"25,500",-0.55,-2.6%,20.5,"2,700",20.6,"5,000",20.7,"3,100",20.8,20.1,"486,500",200,"9,500","15,206,838"
HMC,19,16.6,17.8,17.5,"1,000",17.55,"1,000",17.6,900,17.6,100,-0.20,-1.1%,17.7,100,17.8,"2,600",17.95,300,17.8,17,"73,800",,100,"10,076,520"
HNG,12.15,10.65,11.4,11.1,"109,400",11.15,"28,500",11.2,"158,600",11.25,"3,000",-0.15,-1.3%,11.25,"2,600",11.3,"109,500",11.35,"69,000",11.45,10.95,"10,044,100","7,200","2,100","540,716,708"
HOT,43.05,37.45,40.25,,,,,37.45,100,,,,,43.05,100,,,,,,,,,,"3,918,780"
HPG,48.15,41.85,45,45.95,"61,300",46,"6,600",46.1,"35,000",46.2,"26,500",1.20,2.7%,46.2,"164,200",46.25,"216,200",46.3,"304,800",46.2,45.05,"28,109,800","1,759,700","796,100","621,712,431"
HPX,37.75,32.85,35.3,35,"15,000",35.1,"11,600",35.2,"6,200",35.3,600,0.00,0.0%,35.45,"6,800",35.5,"20,100",35.6,"8,900",35.5,35.2,"935,400","11,400",,"92,845,756"
HQC,3.27,2.85,3.06,2.97,"38,200",2.98,"103,100",2.99,"48,800",2.99,"228,100",-0.07,-2.3%,3.03,"26,000",3.04,"45,000",3.05,"200,500",3.09,2.95,"10,927,600","9,900","279,100","228,483,149"
HRC,67.4,58.6,63,58.6,300,65,100,67.4,"5,600",67.4,300,4.40,7.0%,,,,,,,67.4,66,"4,400",,,"14,602,096"
HSG,29.2,25.4,27.3,27.2,"18,900",27.3,"68,000",27.35,"8,000",27.35,"22,000",0.05,0.2%,27.4,"15,400",27.45,"20,400",27.5,"72,700",27.65,26.1,"9,124,300","437,500","47,700","185,253,152"
HSL,6.93,6.03,6.48,6.26,"5,600",6.27,"1,000",6.28,"1,000",6.4,100,-0.08,-1.2%,6.4,"3,800",6.49,"5,500",6.5,"26,900",6.45,6.23,"175,700",,,"15,867,019"
HT1,19.75,17.25,18.5,17.85,"1,400",17.9,"5,000",18,"1,300",18,"18,900",-0.50,-2.7%,18.05,"30,400",18.1,"1,200",18.15,700,18.4,17.25,"2,142,200","17,400","33,100","174,740,821"
HTI,19.9,17.3,18.6,17.75,"1,100",17.8,"2,500",18.6,200,18.7,200,0.10,0.5%,18.7,"2,100",18.75,"2,100",18.8,100,18.7,17.7,"75,200",100,,"8,423,878"
HTL,19.15,16.65,17.9,17.55,100,17.6,500,17.7,200,18.2,"6,800",0.30,1.7%,18.4,"1,000",18.7,100,18.95,100,18.2,18.2,"6,800",,,"478,751"
HTN,47.25,41.15,44.2,43.1,"1,000",43.3,100,43.4,"1,000",43.9,700,-0.30,-0.7%,43.9,"3,100",44.2,"2,300",44.25,500,45,42.8,"146,700","14,900","1,300","16,042,906"
HTV,15.85,13.85,14.85,,,13.85,"2,300",13.9,300,,,,,14.75,100,14.8,"1,000",14.9,600,,,,,,"4,462,587"
HU1,10.9,9.49,10.2,9.54,"1,000",9.55,"2,000",9.56,900,9.9,"2,000",-0.30,-2.9%,9.9,"2,900",10,"8,000",10.2,800,9.9,9.52,"7,700",,,"4,531,770"
HU3,8.8,7.66,8.23,7.69,200,7.71,"1,000",7.72,800,7.7,400,-0.53,-6.4%,8,200,8.3,500,8.69,800,8.2,7.7,"13,500",,,"4,425,033"
HUB,28.3,24.6,26.45,24.65,100,25,100,25.9,100,25.9,200,-0.55,-2.1%,26,"6,000",26.05,100,26.2,"1,000",26.1,25.9,"19,700",,,"8,505,934"
HVH,12.6,11,11.8,11.05,700,11.1,100,11.15,100,11.2,500,-0.60,-5.1%,11.2,"2,200",11.25,800,11.35,"10,000",11.8,11,"943,400",,,"10,547,312"
HVN,34.6,30.1,32.35,31.85,"7,300",31.9,"12,600",31.95,100,32,200,-0.35,-1.1%,32,"1,000",32.05,"1,600",32.1,"4,500",32.35,31.4,"1,505,700","94,300","15,800","294,683,618"
HVX,4.6,4,4.3,,,4,"10,600",4.2,500,4.2,500,-0.10,-2.3%,4.3,"1,600",4.34,"18,100",4.35,"14,000",4.31,4,"4,500",,,"19,236,901"
IBC,25.65,22.35,24,23.8,500,23.9,"1,400",24,"2,200",24,"6,700",0.00,0.0%,24.15,"1,300",24.2,"1,500",24.25,"2,300",24.25,23.95,"178,500","7,400",,"24,791,040"
ICT,24.15,21.05,22.6,22.4,800,22.45,500,22.6,"1,100",22.6,100,0.00,0.0%,22.7,"1,500",22.8,"4,100",23,"2,800",22.8,21.5,"78,200","2,600",,"32,049,140"
IDI,7.26,6.32,6.79,6.66,200,6.67,"12,000",6.68,"13,700",6.68,"30,000",-0.11,-1.6%,6.74,"4,000",6.75,"3,000",6.78,"9,000",6.85,6.45,"1,632,100","38,500","7,000","110,083,781"
IJC,30.95,26.95,28.95,27.35,"51,500",27.4,"3,500",27.45,"5,000",27.85,"165,500",-1.10,-3.8%,27.85,"11,900",27.9,"30,200",27.95,"32,500",28.6,26.95,"8,254,800","3,000","141,400","102,722,677"
ILB,29.75,25.95,27.85,26.8,"4,000",27,"4,500",27.2,600,27.2,600,-0.65,-2.3%,27.4,"3,200",27.5,"4,600",27.6,"5,000",27.8,26.8,"131,400",,,
IMP,77.7,67.7,72.7,72.8,500,73.1,"2,000",73.4,800,73.4,200,0.70,1.0%,73.9,"12,200",74,"5,300",74.9,"1,000",73.5,72.6,"58,100","2,300","1,900",18
ITA,7.22,6.28,6.75,6.56,"19,800",6.57,"11,500",6.58,"4,100",6.58,"16,600",-0.17,-2.5%,6.59,"6,200",6.6,"39,100",6.61,"1,300",6.75,6.31,"14,499,200","25,200","234,500","399,182,760"
ITC,18.4,16,17.2,16.35,800,16.5,"2,200",16.6,"1,000",16.6,100,-0.60,-3.5%,16.7,"2,100",17,"6,100",17.2,"3,900",17,16.5,"29,600",,,"38,695,544"
ITD,13.45,11.75,12.6,12.7,"12,300",12.8,"1,100",12.9,"8,000",13,100,0.40,3.2%,13,"2,200",13.1,"5,300",13.15,"5,000",13.3,12.5,"140,600",,,"9,153,741"
JVC,5.38,4.68,5.03,4.85,"1,500",4.86,"2,000",4.87,"1,700",4.89,"1,000",-0.14,-2.8%,4.89,"9,900",4.9,"1,100",4.92,"4,100",5,4.72,"552,500","8,900","7,000","40,265,648"
KBC,40.85,35.55,38.2,37.8,200,38,"31,300",38.1,"1,500",38.2,"13,000",0.00,0.0%,38.2,"81,300",38.25,"42,600",38.3,"6,500",38.7,35.85,"8,709,600","551,800","382,600","126,226,003"
KDC,54.5,47.45,51,49.3,500,50,500,50.2,"5,000",51.2,"66,200",0.20,0.4%,51.2,"6,800",51.3,"2,100",51.4,"10,600",51.2,47.45,"1,807,100","1,200","634,300","205,735,512"
KDH,33.05,28.75,30.9,29.9,"35,800",29.95,"35,800",30,"20,900",30,"10,000",-0.90,-2.9%,30.1,"11,300",30.2,"12,100",30.25,"10,000",30.7,29.8,"1,308,100","373,300","78,500","81,395,837"
KHP,7.71,6.71,7.21,7.18,"4,200",7.2,"3,000",7.21,"4,500",7.23,500,0.02,0.3%,7.23,200,7.29,"1,500",7.3,500,7.34,7.18,"164,900",,,"21,743,677"
KMR,3.68,3.2,3.44,3.47,"2,000",3.6,"3,000",3.65,"33,500",3.68,"10,000",0.24,7.0%,3.68,"533,100",,,,,3.68,3.4,"765,600","40,000",,"21,164,180"
KOS,25.7,22.4,24.05,24.05,"3,000",24.1,"1,700",24.15,200,24.15,400,0.10,0.4%,24.2,"1,100",24.25,300,24.3,"2,100",24.3,24.15,"242,900",,,"80,400,956"
KPF,14.4,12.6,13.5,12.6,"3,100",12.7,400,12.75,300,12.7,500,-0.80,-5.9%,12.95,100,13,500,13.25,100,13.3,12.6,"8,600",,,"8,822,963"
KSB,35.8,31.2,33.5,32.1,100,32.25,"1,300",32.3,100,32.4,700,-1.10,-3.3%,32.4,"2,800",32.45,"1,000",32.5,"25,100",33.2,31.2,"2,106,700","4,000","98,800","27,125,514"
L10,21.1,18.4,19.75,,,,,,,,,,,21.1,100,,,,,,,,,,"4,754,613"
LAF,16.05,13.95,15,14.3,"1,000",14.5,"1,000",14.6,500,14.5,100,-0.50,-3.3%,16,"4,500",16.05,"1,100",,,14.9,14.5,700,,,"6,895,955"
LBM,61.5,53.5,57.5,53.6,100,53.7,300,53.8,100,57.4,100,-0.10,-0.2%,57.4,300,57.6,"1,200",57.8,"5,000",57.4,57.4,200,,,"3,981,401"
LCG,15.8,13.8,14.8,14.4,"16,100",14.5,"5,600",14.55,300,14.6,"8,000",-0.20,-1.4%,14.6,"36,700",14.65,"20,100",14.7,"106,100",15,13.9,"3,209,900","3,000","3,100","54,526,047"
LCM,1.74,1.52,1.63,1.52,"143,300",1.53,"23,100",1.54,"1,500",1.54,"2,000",-0.09,-5.5%,1.61,"1,000",1.62,"1,000",1.63,"26,800",1.63,1.52,"511,700",,,"9,966,660"
LDG,8.34,7.26,7.8,7.7,"32,100",7.71,500,7.72,"3,200",7.72,"10,500",-0.08,-1.0%,7.75,"10,400",7.76,"25,700",7.77,"46,900",7.88,7.45,"6,646,700","5,500",,"115,419,728"
LEC,14.45,12.65,13.55,,,12.7,700,12.75,"1,000",13.55,100,0.00,0.0%,13.5,900,13.55,600,13.6,"1,700",13.55,13.55,100,,,"12,787,838"
LGC,71.6,62.4,67,62.4,100,62.5,300,62.6,100,,,,,66.4,200,66.5,300,66.8,100,,,,,,"7,736,435"
LGL,7.06,6.14,6.6,6.23,400,6.25,"12,100",6.26,700,6.4,"1,000",-0.20,-3.0%,6.39,"1,000",6.4,"7,000",6.42,"5,000",6.6,6.25,"63,500",100,,"24,017,301"
LHG,35.6,31,33.3,33,"12,000",33.2,"12,500",33.3,"3,000",33.35,"1,100",0.05,0.2%,33.35,"7,400",33.4,"1,900",33.45,400,33.35,31.4,"246,300","6,300","26,500","21,015,401"
LIX,64.5,56.1,60.3,59,"5,500",59.6,"1,900",60,"2,000",60,"1,000",-0.30,-0.5%,60.2,100,60.3,800,60.5,400,61,58.5,"106,300","5,000",,"12,530,195"
LM8,11.75,10.25,11,10.7,100,10.8,"2,100",10.9,"3,700",11,100,0.00,0.0%,11,"2,600",11.4,100,11.45,"1,200",11.5,11,"5,600",,,"4,434,709"
LPB,17.05,14.85,15.95,15.6,"40,600",15.65,"27,600",15.7,"26,700",15.75,"10,000",-0.20,-1.3%,15.75,"68,900",15.8,"63,300",15.85,"43,000",15.95,15,"9,285,000",,,40
LSS,13.95,12.15,13.05,12.5,"8,200",12.55,200,12.6,700,12.7,"9,600",-0.35,-2.7%,12.7,"8,700",12.75,"7,400",12.8,"5,400",13,12.15,"594,200","6,000","12,100","32,745,103"
MBB,29.45,25.65,27.55,27.35,900,27.4,"21,100",27.45,"6,800",27.5,"56,200",-0.05,-0.2%,27.5,800,27.55,"55,600",27.6,"165,500",27.75,26.75,"14,311,100","811,900","3,813,400","1,137,930"
MCG,3.39,2.95,3.17,2.96,100,3,"15,900",3.01,"13,300",3.01,600,-0.16,-5.0%,3.15,"25,800",3.16,"7,200",3.17,"30,000",3.15,3,"43,800","3,700",,"25,463,546"
MCP,28.2,24.6,26.4,,,,,24.6,100,26.4,100,0.00,0.0%,26.4,300,26.6,300,26.8,400,26.4,26.4,100,,,"7,355,956"
MDG,15.5,13.5,14.5,,,,,,,13.5,200,-1.00,-6.9%,13.5,300,14,600,15.4,"2,000",14.4,13.5,900,,,"5,335,625"
MHC,8.34,7.26,7.8,7.33,400,7.35,"4,600",7.4,"5,000",7.6,"1,200",-0.20,-2.6%,7.6,"10,100",7.62,100,7.67,"15,000",7.8,7.26,"210,200","6,200","11,800","19,490,909"
MIG,17.6,15.3,16.45,16.1,"7,000",16.2,300,16.3,"14,800",16.4,200,-0.05,-0.3%,16.4,"1,500",16.5,"8,700",16.55,"2,200",16.6,16,"379,700","1,500","2,200","61,609,324"
MSB,23.25,20.25,21.75,21.6,"31,400",21.65,"6,000",21.7,"6,000",21.75,"12,000",0.00,0.0%,21.75,"179,200",21.8,"136,900",21.85,"56,400",21.8,20.9,"4,614,500","14,200",600,69
MSH,51.4,44.75,48.1,46.5,"7,300",46.7,500,47,500,47.6,500,-0.50,-1.0%,47.6,200,47.8,500,47.9,100,48.7,44.75,"58,300",,"1,700","21,485,106"
MSN,92,80,86,84.8,"4,900",84.9,"3,100",85,500,85.9,100,-0.10,-0.1%,85.9,"22,000",86,"68,200",86.1,"4,900",86,83.7,"912,800","213,400","119,700","197,727,325"
MWG,137.8,119.8,128.8,127.8,100,128,100,129,100,130,"2,300",1.20,0.9%,130,"14,200",130.1,100,130.5,100,130,125,"585,900",,,
NAF,22,19.2,20.6,19.4,500,19.6,500,20,200,20.5,200,-0.10,-0.5%,20.4,"1,300",20.45,700,20.5,"14,800",20.6,19.2,"312,500",,,"44,430,392"
NAV,21.4,18.6,20,,,,,19.45,100,20,100,0.00,0.0%,20,200,20.9,800,,,20,20,300,,,"3,846,310"
NBB,28.35,24.65,26.5,24.75,100,24.8,100,25,500,,,,,26.5,"2,500",26.6,200,26.9,"1,600",,,,,,"48,203,811"
NCT,76.1,66.3,71.2,70.4,"1,900",70.5,"2,100",70.6,400,70.6,300,-0.60,-0.8%,70.8,500,70.9,"3,100",71,"2,400",71.1,70.4,"58,800","5,100",300,"10,488,042"
NHA,44.6,38.8,41.7,41.75,"1,200",41.8,"1,000",42,200,42.3,100,0.60,1.4%,42.3,"1,900",42.5,"10,500",42.8,"4,400",44.1,39,"228,400",,"22,700","11,366,812"
NHH,68.6,59.8,64.2,64.3,"1,000",64.4,600,64.5,"1,300",65,200,0.80,1.2%,65,"1,000",65.1,500,65.5,"2,800",65,61,"331,500","7,900","1,500","36,317,195"
NKG,23.2,20.2,21.7,21.65,"1,300",21.7,"68,100",21.75,"48,900",21.8,"9,600",0.10,0.5%,21.8,"31,400",21.85,"114,700",21.9,"179,700",22.1,20.5,"4,083,600","132,400","30,200","159,008,747"
NLG,36.7,31.9,34.3,33.9,"1,200",34,"29,300",34.1,"2,000",34.1,"29,000",-0.20,-0.6%,34.2,"10,100",34.3,"19,200",34.35,"3,700",34.35,33,"1,344,100","560,000","324,100","7,538,973"
NNC,35.3,30.7,33,32.2,100,32.3,"1,000",32.5,"1,200",32.75,100,-0.25,-0.8%,32.75,"3,400",32.8,300,32.95,"5,000",33,32,"41,000",600,300,"8,174,990"
NSC,78.8,68.6,73.7,72.5,"2,000",72.6,100,73,500,73.6,"1,000",-0.10,-0.1%,73.6,800,73.7,"6,500",73.8,"1,500",73.8,73.5,"8,300",,400,"7,329,503"
NT2,23.9,20.8,22.35,21.85,300,21.9,"1,000",21.95,100,22,400,-0.35,-1.6%,22,"10,100",22.1,"18,500",22.15,"8,300",22.3,21.5,"329,400",400,"1,900","97,074,260"
NTL,28.85,25.15,27,26.25,"10,300",26.3,"34,300",26.7,"14,700",26.9,600,-0.10,-0.4%,26.9,"2,900",26.95,"5,000",27,"22,600",27,25.2,"1,159,900","15,200","46,800","26,442,435"
NVL,85.6,74.4,80,78.9,"28,000",79,"54,500",79.1,"1,300",79.5,"8,800",-0.50,-0.6%,79.5,"4,700",79.6,"13,600",79.7,"50,500",79.8,78.8,"1,934,300","135,400","416,200","314,979,687"
NVT,11,9.58,10.3,9.65,400,9.7,"20,400",9.71,"5,400",10.2,200,-0.10,-1.0%,10.2,"1,100",10.3,"21,500",10.35,"1,000",10.35,9.6,"31,600",,,"90,396,880"
OCB,25.15,21.95,23.55,23.4,"41,200",23.45,"20,100",23.5,"13,600",23.55,"6,000",0.00,0.0%,23.55,"4,100",23.6,"82,700",23.65,"1,000",23.7,22.5,"6,985,600","386,900",200,"20,499,039"
OGC,7.62,6.64,7.13,6.95,"5,600",6.97,"2,500",6.98,"2,000",6.99,500,-0.14,-2.0%,7,"4,900",7.01,"1,200",7.05,900,7.22,6.75,"320,800",900,"20,300","145,403,942"
OPC,63.1,54.9,59,56,"1,000",56.1,200,58.5,"1,100",59,500,0.00,0.0%,61,200,62.6,100,62.7,200,59,59,500,,500,"11,681,578"
PAC,32.2,28,30.1,29.6,"5,000",30,"1,700",30.1,"2,500",30.1,400,0.00,0.0%,31.4,100,31.5,"2,200",31.7,"2,700",31.8,30,"4,000","1,600",,"16,253,130"
PAN,29.75,25.95,27.85,27.4,"23,400",27.45,"9,100",27.5,"2,000",27.5,100,-0.35,-1.3%,27.55,600,27.6,"1,500",27.65,"3,700",28,26,"840,000",,"17,900","25,643,329"
PC1,29.6,25.8,27.7,27.35,"1,400",27.4,200,27.45,"1,200",27.65,"3,900",-0.05,-0.2%,27.65,"4,100",27.7,"3,700",27.75,"1,000",27.7,26.2,"1,204,100","231,200","56,600","70,997,701"
PDN,87.9,76.5,82.2,80.6,100,80.7,100,80.8,100,81.1,100,-1.10,-1.3%,86,"2,200",87,100,87.5,100,81.1,81.1,100,,100,"8,989,913"
PDR,66.5,57.9,62.2,61.2,"31,100",61.3,"17,100",61.4,"5,600",61.5,"5,300",-0.70,-1.1%,61.5,"2,600",61.6,"5,300",61.7,"20,600",62,59.7,"2,895,900","29,500","123,100","184,966,323"
PET,23.5,20.5,22,21.5,"19,700",21.6,"1,000",21.8,"5,600",22,"3,200",0.00,0.0%,22,"31,000",22.1,"13,900",22.15,"19,500",22.5,20.55,"2,796,500","87,900","5,800","37,897,506"
PGC,19.45,16.95,18.2,17.55,100,17.6,"13,000",17.8,"1,000",17.9,100,-0.30,-1.6%,17.9,"3,100",18,"3,600",18.1,"2,000",18.1,17.6,"28,100",800,,"27,586,119"
PGD,32.2,28,30.1,29.2,100,29.5,"1,000",30.1,900,30.1,100,0.00,0.0%,30.5,300,30.9,400,31,600,30.1,30.1,"1,500",,,"1,934,337"
PGI,22.45,19.55,21,19.8,"3,100",19.9,"5,000",20,"12,500",,,,,21,"11,900",22.4,"3,600",22.45,"3,000",,,,,,"25,109,683"
PHC,13.35,11.65,12.5,12.4,"21,200",12.45,"11,500",12.5,"10,700",12.55,"1,000",0.05,0.4%,12.55,"9,700",12.6,"13,100",12.65,"28,400",12.6,12.05,"326,700",,"6,300","12,511,379"
PHR,62.5,54.5,58.5,57.3,"13,500",57.4,"1,000",57.5,400,57.9,"5,000",-0.60,-1.0%,57.9,700,58,"8,300",58.1,"2,000",58.5,55.8,"950,500","2,000","13,400","46,814,647"
PIT,6.9,6,6.45,6.1,300,6.2,300,6.21,300,6.69,100,0.24,3.7%,6.6,400,6.69,"1,200",6.7,800,6.69,6.2,"3,200",,,"7,337,624"
PJT,12.9,11.3,12.1,11.5,"1,200",11.6,500,11.8,200,12.5,900,0.40,3.3%,12.5,400,12.6,200,12.9,"2,200",12.5,12.1,"4,100",,,"7,169,621"
PLP,11.1,9.68,10.4,10.05,"8,800",10.15,"4,900",10.2,"2,400",10.2,800,-0.20,-1.9%,10.3,"3,200",10.35,"1,000",10.4,"24,400",10.4,9.8,"786,300","45,200","4,500","17,888,225"
PLX,60.1,52.3,56.2,55.3,100,55.4,400,55.5,"7,900",55.9,"20,000",-0.30,-0.5%,55.9,"1,700",56,"39,600",56.1,"2,200",56,53,"1,148,200","49,600","8,500","47,025,420"
PME,84.5,73.5,79,,,77,100,79,300,81,100,2.00,2.5%,80.5,600,81,400,84,800,81.3,80,"2,000",,,"7,798,563"
PMG,31.95,27.85,29.9,29.3,300,29.4,200,29.5,300,30.3,100,0.40,1.3%,30.3,100,30.5,200,30.6,100,30.3,29.6,"5,000",300,600,"22,540,840"
PNC,10.35,9.03,9.7,9.2,300,9.5,"2,000",9.51,500,9.51,100,-0.19,-2.0%,10,"2,200",,,,,10,9.5,"2,300",,,"5,322,390"
PNJ,90.9,79.1,85,83.1,"1,200",83.2,100,84,500,84.9,100,-0.10,-0.1%,84.8,300,84.9,"10,100",85,"8,700",85.2,80,"363,400",,,
POM,17.2,15,16.1,15.4,"5,200",15.5,"4,800",15.7,"5,000",15.8,500,-0.30,-1.9%,15.8,300,15.9,"5,200",16,"18,300",16.3,15.2,"185,300","8,600",600,"114,864,191"
POW,13.45,11.75,12.6,12.55,"73,400",12.6,"13,400",12.65,"45,200",12.7,"15,500",0.10,0.8%,12.7,"416,000",12.75,"131,000",12.8,"303,200",12.85,12.1,"14,529,800","424,900","459,300","1,052,932,669"
PPC,26.35,22.95,24.65,24.3,"5,200",24.35,300,24.4,200,24.5,"1,000",-0.15,-0.6%,24.5,"19,800",24.55,100,24.6,"3,700",24.7,24,"277,800","5,700","35,200","112,386,899"
PSH,21,18.3,19.65,19.4,"4,100",19.45,"4,100",19.5,"1,700",19.65,200,0.00,0.0%,19.65,"10,900",19.7,"4,200",19.75,"5,100",19.65,19.4,"143,200",,,
PTB,86.2,75,80.6,80.5,"6,200",80.6,"2,100",80.9,900,80.9,"1,000",0.30,0.4%,81,"3,500",81.5,"6,900",81.6,100,81,79,"178,900","43,200","1,800","15,197,088"
PTC,10.25,8.93,9.6,9.6,100,9.7,300,9.8,300,9.8,800,0.20,2.1%,10.1,100,10.25,"1,000",,,9.8,9.6,"17,000",,,"8,767,185"
PTL,6.42,5.58,6,5.6,"3,400",5.61,800,5.62,500,5.6,"1,500",-0.40,-6.7%,5.9,400,6,"9,800",6.1,"10,300",6.1,5.6,"10,800",,,"48,842,956"
PVD,23.2,20.2,21.7,21.5,"8,700",21.65,100,21.7,"3,800",21.8,"6,500",0.10,0.5%,21.8,"28,400",21.85,400,21.9,"49,100",22,20.2,"8,520,900","138,100","1,500","176,244,302"
PVT,18.05,15.75,16.9,16.5,"20,800",16.55,"7,300",16.6,"13,800",16.6,"10,300",-0.30,-1.8%,16.75,"19,700",16.8,"60,700",16.85,"11,200",16.95,15.75,"5,421,000","528,100","93,000","117,744,252"
PXI,3.95,3.45,3.7,3.45,"25,900",3.46,"4,100",3.5,500,3.71,200,0.01,0.3%,3.72,"1,100",3.79,"5,000",3.8,"85,900",3.8,3.55,"32,100",,,"14,566,390"
PXS,7.72,6.72,7.22,7.2,900,7.21,"3,500",7.27,800,7.27,200,0.05,0.7%,7.28,"1,100",7.29,100,7.3,"2,100",7.35,7.05,"205,400","3,100","3,700","22,611,312"
PXT,2.92,2.54,2.73,2.64,500,2.66,100,2.67,100,2.67,"1,000",-0.06,-2.2%,2.7,"5,000",2.73,"26,800",2.75,"6,400",2.73,2.58,"104,900",,,"9,666,660"
QBS,3.25,2.83,3.04,2.92,500,2.94,200,2.95,"1,000",2.99,100,-0.05,-1.6%,2.99,"5,900",3,"7,700",3.02,"1,000",3,2.9,"169,500",,,
QCG,9.5,8.26,8.88,8.45,"1,300",8.5,"5,400",8.55,"10,500",8.65,100,-0.23,-2.6%,8.65,"5,300",8.66,"5,000",8.67,"5,400",8.88,8.26,"897,600","8,200","11,500","133,320,468"
RAL,237.6,206.6,222.1,215.1,200,217,100,218,400,221.5,300,-0.60,-0.3%,222,500,222.9,100,223.3,100,223,213,"29,700",400,300,"5,375,234"
RDP,12.7,11.1,11.9,11.3,"1,000",11.4,"2,000",11.5,"2,100",11.65,"3,000",-0.25,-2.1%,11.65,500,11.8,"2,300",12,"10,200",12,11.1,"42,400",,,"19,927,276"
REE,57.1,49.7,53.4,53.2,"4,200",53.3,"5,100",53.4,"3,000",54,"10,100",0.60,1.1%,54,"8,200",54.2,200,54.3,"2,000",54,49.7,"870,500","1,824,000","1,824,000",
RIC,16.85,14.65,15.75,16.75,"2,700",16.8,"1,200",16.85,"166,500",16.85,300,1.10,7.0%,,,,,,,16.85,14.65,"409,400",,"20,600","4,958,118"
ROS,4.47,3.89,4.18,4.13,"8,000",4.14,"10,600",4.15,"37,500",4.16,"159,200",-0.02,-0.5%,4.16,"5,600",4.18,"17,800",4.19,"10,800",4.36,4.04,"25,108,400","249,100","464,600","262,455,345"
S4A,28.85,25.15,27,,,26.5,"4,600",26.7,800,27,100,0.00,0.0%,27,"4,900",27.4,"1,300",27.5,"10,000",27,27,"1,100",,,"20,660,720"
SAB,187.2,162.8,175,172.1,300,172.4,200,172.5,"4,500",173,100,-2.00,-1.1%,173,"8,500",173.2,"1,000",173.4,100,175,172.5,"108,500","23,100","47,100","236,963,329"
SAM,11.65,10.15,10.9,10.5,"3,100",10.55,"1,500",10.6,"4,200",10.8,"1,000",-0.10,-0.9%,10.8,800,10.85,"11,200",10.9,"7,600",11,10.15,"230,200","4,300","3,900","168,670,964"
SAV,38.9,33.9,36.4,36.95,"2,700",37,"1,700",37.1,"1,000",37.8,500,1.40,3.8%,37.8,"10,200",37.95,500,38,"7,100",38.5,36.9,"98,900","11,300","12,000","811,709"
SBA,17.05,14.85,15.95,15.65,100,15.7,"48,100",15.75,"10,000",15.7,"5,500",-0.25,-1.6%,15.85,600,15.95,"6,300",16,"10,000",15.8,15.7,"58,600","1,000",,"29,605,767"
SBT,23.7,20.6,22.15,21.8,"9,500",21.85,"5,100",21.9,"6,500",22,"90,000",-0.15,-0.7%,22,"105,900",22.05,"1,500",22.1,"67,600",22,20.6,"4,903,900","279,200","76,700","568,144,673"
SBV,16.35,14.25,15.3,15.3,"6,300",15.4,300,15.45,"1,500",15.55,"1,200",0.25,1.6%,15.7,"6,700",15.75,"7,000",15.8,"19,800",15.8,15.1,"224,400",,,"9,297,934"
SC5,24.2,21.1,22.65,,,,,,,23.35,100,0.70,3.1%,23.1,"1,200",23.15,500,23.25,200,23.35,23.35,100,,,"6,695,360"
SCD,25.45,22.15,23.8,,,23,"3,200",23.05,400,23.5,700,-0.30,-1.3%,23.8,300,23.9,"1,100",24,"5,800",23.5,23.4,"4,000",,,"3,513,420"
SCR,9.3,8.1,8.7,8.33,"29,000",8.34,"55,000",8.35,"2,300",8.35,"110,000",-0.35,-4.0%,8.49,"6,000",8.5,"25,200",8.53,"2,700",8.7,8.2,"3,049,700",,"99,100","175,324,980"
SCS,140.1,121.9,131,127,100,128,600,130,"2,400",130.1,400,-0.90,-0.7%,130.8,100,130.9,300,131.2,100,131.5,130.1,"11,100","8,300","6,000","13,372,405"
SFC,24.8,21.6,23.2,22.05,200,22.2,100,22.6,500,,,,,24.8,800,,,,,,,,,,"5,440,243"
SFG,10,8.7,9.35,8.7,"14,100",8.8,"2,000",9,900,9.68,100,0.33,3.5%,9.68,"1,100",9.69,"2,200",9.7,"2,000",9.69,9,"12,900",,,"23,120,022"
SFI,42.55,37.05,39.8,37.5,"5,200",37.55,400,38,"3,200",39.25,100,-0.55,-1.4%,39.25,700,39.3,"1,000",39.4,900,39.7,37.5,"40,300",100,,"5,873,983"
SGN,74.4,64.8,69.6,68.2,"2,000",68.9,100,69,"6,000",69.3,100,-0.30,-0.4%,69.5,"2,900",69.6,"2,700",69.7,"2,400",69.6,69,"29,200",700,,"9,269,497"
SGR,37.95,33.05,35.5,36.7,"1,300",36.8,"1,000",37,"1,100",37.95,200,2.45,6.9%,37.95,"5,600",,,,,37.95,35.5,"137,000",,100,"29,394,225"
SGT,17.65,15.35,16.5,16.2,"1,100",16.3,500,16.4,"2,800",16.5,"1,000",0.00,0.0%,16.5,"1,500",16.9,"2,500",17,"28,700",17.5,16.05,"124,500",,,"26,381,506"
SHA,6.42,5.58,6,5.78,"3,000",5.79,"1,400",5.8,400,5.89,100,-0.11,-1.8%,5.89,"4,900",5.9,600,5.95,800,6,5.7,"116,500",,,"15,367,359"
SHI,14.4,12.6,13.5,13.25,"2,000",13.5,"5,100",13.6,"3,100",13.6,"1,000",0.10,0.7%,14.3,"2,100",14.35,"1,900",14.4,"378,600",14.4,13,"628,700",,"2,000","44,133,027"
SHP,23.85,20.75,22.3,21.8,"3,100",21.85,100,21.9,500,21.7,500,-0.60,-2.7%,22.3,"3,700",22.4,200,22.45,"1,000",21.8,21.7,"2,000",,,"41,246,824"
SII,19.15,16.65,17.9,,,,,,,19,100,1.10,6.1%,18.9,200,18.95,100,19,"7,100",19,16.65,"1,000",,,"29,333"
SJD,18.7,16.3,17.5,17.15,"2,100",17.2,"25,400",17.25,"4,200",17.25,100,-0.25,-1.4%,17.4,"4,300",17.45,"2,200",17.5,"6,100",17.45,16.4,"89,700","1,000",,"18,046,117"
SJF,3.07,2.67,2.87,2.78,"4,100",2.79,"3,900",2.8,400,2.81,100,-0.06,-2.1%,2.81,"4,700",2.82,"7,200",2.83,"2,600",2.88,2.7,"1,223,200","10,400","5,000","38,220,466"
SJS,38.5,33.5,36,34.8,"1,500",35,"1,100",35.35,"2,800",35.5,"5,000",-0.50,-1.4%,35.5,"7,900",35.6,"10,800",35.7,"3,000",37,34.5,"111,000","1,700","26,600","54,736,116"
SKG,14.1,12.3,13.2,12.35,"11,200",12.5,"20,200",12.55,600,12.55,"1,200",-0.65,-4.9%,12.6,"3,900",12.7,"16,200",12.8,"11,700",13.15,12.3,"704,200","9,000","7,400","3,286,913"
SMA,9.61,8.37,8.99,,,,,8.37,"1,500",8.89,100,-0.10,-1.1%,8.89,"1,700",8.99,"4,500",9,"1,900",8.89,8.37,"3,900",,,"9,960,499"
SMB,45.25,39.35,42.3,41,100,41.5,100,41.7,100,42,100,-0.30,-0.7%,42,800,42.4,300,42.8,"3,400",42.4,42,"1,800",,"1,400","10,639,636"
SMC,30.45,26.55,28.5,28.8,"2,000",29,"1,600",29.05,"2,000",29.5,"1,300",1.00,3.5%,29.5,"6,200",29.6,"3,300",29.7,"1,600",29.5,26.55,"675,100","4,400","12,400","11,132,969"
SPM,13.45,11.75,12.6,11.8,200,11.9,100,12,600,,,,,12.55,"1,100",12.6,300,12.7,600,,,,,,"6,440,150"
SRC,23.5,20.5,22,20.6,"3,000",20.7,100,21,"2,200",21.4,"2,000",-0.60,-2.7%,21.4,"6,300",21.45,500,21.7,100,21.9,20.5,"63,900",,,"13,728,034"
SRF,14,12.2,13.1,12.6,"2,100",12.7,900,13,"8,600",13.1,100,0.00,0.0%,13.05,500,13.1,"16,500",13.15,500,13.1,12.7,"3,100",,,"682,106"
SSB,23.05,20.05,21.55,22.95,"2,500",23,"87,200",23.05,"2,108,300",23.05,"100,000",1.50,7.0%,,,,,,,23.05,23.05,"1,078,500",,,
SSI,32.95,28.65,30.8,30.75,"5,300",30.8,"12,700",30.85,"5,600",30.9,"22,600",0.10,0.3%,30.9,"41,800",30.95,"28,800",31,"108,600",31.1,29.4,"10,140,300","266,600","1,092,500","350,346,338"
ST8,12.05,10.55,11.3,10.55,500,10.6,200,10.65,100,,,,,11.1,200,11.2,800,11.3,"2,400",,,,,,
STB,20.05,17.45,18.75,18.8,"212,000",18.85,"110,700",18.9,"14,100",18.95,"84,600",0.20,1.1%,18.95,"377,200",19,"1,497,800",19.05,"342,800",19.1,18.3,"23,365,100","398,400","1,051,800","273,266,743"
STG,16.6,14.5,15.55,15.2,500,15.3,"1,000",15.35,"1,000",15.4,400,-0.15,-1.0%,15.5,100,15.6,200,15.8,"1,000",16.45,15.3,"6,600",,500,"48,083,260"
STK,32.4,28.2,30.3,29.6,"3,500",29.75,100,29.9,500,29.95,400,-0.35,-1.2%,29.95,800,30,"7,500",30.15,500,30,29,"65,400",100,"2,000","27,981,989"
SVC,75.7,65.9,70.8,,,66.9,100,68,100,70,100,-0.80,-1.1%,70.9,100,75.4,300,75.7,700,70,66.7,500,,,"15,664,223"
SVD,13.7,12,12.85,,,,,12.5,"3,200",12.6,"1,700",-0.25,-1.9%,12.75,800,12.8,"4,800",12.85,"7,200",12.8,12,"170,500","6,500","2,000","6,293,700"
SVI,88.4,77,82.7,79,100,79.6,200,79.7,100,79.7,100,-3.00,-3.6%,84.8,200,84.9,200,88.4,200,84.9,79.6,300,,,"674,732"
SVT,15.05,13.15,14.1,13.25,200,13.55,200,13.65,100,14,200,-0.10,-0.7%,14,300,14.2,700,14.35,400,14.35,14,"2,900",,,"5,673,125"
SZC,40.65,35.35,38,37.3,"1,000",37.4,"1,800",37.45,800,37.45,"2,000",-0.55,-1.4%,37.5,500,37.7,"4,000",37.8,"7,300",37.9,35.5,"1,033,700","60,900","9,700","45,349,440"
SZL,56.6,49.2,52.9,49.5,"4,100",49.55,"2,000",49.6,800,52,"1,200",-0.90,-1.7%,51.9,100,52,"4,900",52.4,500,52.8,49.2,"69,800","10,000","42,800","6,223,400"
TAC,53.6,46.6,50.1,49.65,"2,600",49.8,"3,700",49.9,"1,200",49.9,"1,000",-0.20,-0.4%,50.1,"2,200",50.2,800,50.3,"3,600",50.3,49.65,"97,000","66,000",500,"15,730,440"
TBC,27.15,23.65,25.4,25,"12,100",25.05,100,25.1,"3,700",25.2,900,-0.20,-0.8%,25.25,"4,000",25.3,"23,400",25.35,"4,000",25.4,25.2,"26,300",,300,"30,655,616"
TCB,42.1,36.6,39.35,39.3,"6,200",39.35,"9,200",39.4,"29,300",39.4,"71,700",0.05,0.1%,39.45,"64,100",39.5,"58,400",39.55,"143,000",39.65,38.4,"10,188,400",,,
TCD,16.35,14.25,15.3,14.5,"5,600",14.55,"2,100",14.6,900,14.8,100,-0.50,-3.3%,14.8,"1,600",14.85,100,14.9,"4,200",15,14.5,"51,900",,,"33,318,778"
TCH,23.3,20.3,21.8,21.45,900,21.5,"48,600",21.6,"4,700",21.6,"5,200",-0.20,-0.9%,21.8,"67,100",21.85,"24,500",21.9,"35,900",21.9,20.8,"4,888,800","108,600","54,000","159,385,720"
TCL,32.3,28.1,30.2,29.95,"1,000",30,"8,000",30.2,"3,000",30.2,"1,000",0.00,0.0%,30.3,"1,000",30.4,"2,800",30.5,"13,900",30.55,29.7,"140,700",600,"6,400","13,664,938"
TCM,100,87,93.5,99.7,100,99.8,100,99.9,100,100,"5,200",6.50,7.0%,100,"74,900",,,,,100,92.5,"510,000","7,600","10,700","2,803,863"
TCO,13.35,11.65,12.5,,,11.65,"6,000",12.5,"4,500",,,,,13,"6,000",,,,,,,,,,"8,734,818"
TCR,4.44,3.86,4.15,3.9,500,3.91,100,3.92,500,,,,,4.13,"1,400",4.14,"1,000",4.15,400,,,,,,"3,411"
TCT,34.65,30.15,32.4,31.3,"1,000",31.4,"1,800",31.5,"3,200",31.7,100,-0.70,-2.2%,31.7,200,31.9,"2,900",32,"3,000",32.4,31,"46,000",,,"4,460,510"
TDC,23.2,20.2,21.7,20.5,"13,100",20.6,"48,800",20.65,"1,300",20.9,"5,100",-0.80,-3.7%,20.9,"26,500",21,"33,000",21.05,"5,600",21.5,20.2,"2,089,900","18,200","3,500","46,399,610"
TDG,3.7,3.22,3.46,3.4,"27,100",3.42,"2,500",3.46,"1,800",3.48,"1,500",0.02,0.6%,3.48,"13,400",3.49,"5,000",3.5,"9,700",3.48,3.3,"548,000",,"9,900","7,738,431"
TDH,7.99,6.95,7.47,7.25,"2,700",7.28,"2,200",7.29,"9,100",7.3,100,-0.17,-2.3%,7.3,"5,500",7.31,700,7.32,900,7.45,7.15,"1,504,400","5,100","45,100","46,198,773"
TDM,31.65,27.55,29.6,28.6,"4,000",28.7,300,28.8,"1,100",29.3,500,-0.30,-1.0%,29.2,"4,000",29.25,"10,000",29.3,"12,400",29.35,28.3,"421,600","4,100","13,000","43,970,450"
TDP,32.1,27.9,30,29.6,"8,300",29.7,"7,600",29.8,"10,900",29.9,100,-0.10,-0.3%,29.9,"1,600",30,"2,700",30.05,100,30,27.9,"150,800",,,"26,313,828"
TDW,39.05,33.95,36.5,,,,,34,500,,,,,36.5,"3,600",,,,,,,,,,"3,946,120"
TEG,11.95,10.45,11.2,11.15,"12,700",11.2,"18,100",11.25,"12,300",11.3,"2,000",0.10,0.9%,11.3,"15,800",11.35,100,11.4,"19,600",11.3,11.1,"303,700",,,"15,790,567"
TGG,2.82,2.46,2.64,2.47,"21,400",2.48,"5,400",2.49,"32,000",2.5,500,-0.14,-5.3%,2.5,"33,300",2.51,"2,300",2.52,"2,400",2.64,2.46,"1,074,900",100,"15,000","13,211,295"
THG,81.7,71.1,76.4,75,"2,200",75.1,500,75.5,200,75.7,"1,000",-0.70,-0.9%,75.7,"1,400",75.8,"7,400",75.9,800,76.5,75.6,"19,000",,,"6,729,903"
THI,31,27,29,,,,,27,"1,100",,,,,28.5,"2,200",28.8,"1,000",29,"4,800",,,,,,"23,880,740"
TIP,50.3,43.85,47.1,46,"18,700",46.4,"1,000",47.1,"18,900",47.1,"13,100",0.00,0.0%,47.3,"3,000",47.5,200,48,"4,200",47.1,44.15,"211,600","6,900","3,400","8,704,693"
TIX,35.25,30.65,32.95,,,,,,,,,,,33,500,35.1,100,35.2,100,,,,,,"14,668,296"
TLD,6.88,5.98,6.43,6.23,"3,100",6.24,800,6.25,"4,900",6.25,100,-0.18,-2.8%,6.27,"5,000",6.3,"5,200",6.35,"7,000",6.42,5.98,"1,244,100","13,700","31,200","18,667,661"
TLG,41.05,35.75,38.4,37.85,"13,400",37.9,"11,300",38,"35,000",38.1,100,-0.30,-0.8%,38.1,"7,900",38.2,"4,400",38.3,"3,300",38.4,37.9,"58,500",100,"7,400","57,154,121"
TLH,11.6,10.1,10.85,10.35,"5,000",10.4,"13,700",10.45,500,10.55,600,-0.30,-2.8%,10.55,"13,200",10.6,"31,600",10.65,"7,400",10.8,10.1,"1,564,200",600,"45,300","48,596,090"
TMP,42.65,37.15,39.9,39.1,900,39.4,500,39.5,300,40,100,0.10,0.3%,40,"3,200",40.1,"2,800",40.5,800,40,40,"11,000",,"3,000","33,886,990"
TMS,60.3,52.5,56.4,55.1,"1,000",56.4,700,57,100,58,800,1.60,2.8%,58,"5,900",58.4,400,58.5,"1,000",58.1,52.5,"38,100",300,,"15,142"
TMT,9.63,8.37,9,,,,,8.37,"31,500",8.37,100,-0.63,-7.0%,8.5,"2,500",8.55,"3,400",8.64,"3,000",8.65,8.37,"73,300","3,000","20,200","17,320,403"
TN1,64.7,56.3,60.5,57,600,58,700,58.3,600,60.5,100,0.00,0.0%,60.5,200,61,900,63,"1,000",60.5,58,"5,000",,,
TNA,13.45,11.75,12.6,12.25,100,12.3,"7,600",12.4,"13,300",12.5,500,-0.10,-0.8%,12.5,"1,000",12.55,"2,200",12.6,"23,300",12.6,11.95,"197,100","5,400","1,500","17,941,161"
TNC,31.55,27.45,29.5,27.5,100,29.55,400,29.8,"1,000",31,500,1.50,5.1%,,,,,,,31,31,"1,500",,,"9,015,690"
TNH,29.95,26.05,28,27,"8,200",27.1,"2,200",27.2,"2,200",27.45,"1,800",-0.55,-2.0%,27.45,"3,000",27.5,"6,600",27.55,"9,800",27.9,26.8,"64,300",,,
TNI,3.9,3.4,3.65,3.62,"1,000",3.63,"6,900",3.64,100,3.65,400,0.00,0.0%,3.65,"19,200",3.66,"85,800",3.67,"15,100",3.66,3.5,"1,377,200","6,600","5,000","25,092,930"
TNT,5.45,4.75,5.1,4.97,"9,300",4.98,"1,200",5,"39,300",5,500,-0.10,-2.0%,5.1,"28,500",5.12,"20,500",5.15,"21,500",5.15,4.91,"364,900",,,"12,411,510"
TPB,28.75,25.05,26.9,26.45,"38,400",26.5,"61,200",26.55,"5,200",26.7,"52,000",-0.20,-0.7%,26.7,"3,200",26.75,"15,600",26.8,"7,300",26.9,25.7,"5,041,800",,,
TPC,10.85,9.44,10.15,9.5,"2,000",9.52,"1,500",9.53,"1,100",10.1,100,-0.05,-0.5%,10.1,"1,000",10.45,500,10.5,300,10.15,10.1,600,,,"11,570,086"
TRA,74.3,64.7,69.5,64.7,100,65,200,67.6,100,69.3,"2,000",-0.20,-0.3%,69.3,"1,100",69.9,500,70,"1,900",69.5,69.2,"18,500","16,500",,"2,603,115"
TRC,41.3,35.9,38.6,38.3,"1,000",38.5,100,38.6,400,38.6,"2,400",0.00,0.0%,39.3,"1,000",40,500,40.9,800,38.65,38.6,"4,900",,,"14,365,240"
TS4,6.96,6.06,6.51,,,,,,,6.06,"1,000",-0.45,-6.9%,6.06,"135,400",6.2,"1,700",6.5,400,6.06,6.06,"21,200",,,"7,783,686"
TSC,6.27,5.45,5.86,6.25,"107,400",6.26,"122,400",6.27,"703,900",6.27,"78,900",0.41,7.0%,,,,,,,6.27,5.45,"6,437,100","91,300","10,600","70,407,906"
TTA,16.75,14.65,15.7,15.2,"31,700",15.25,"1,500",15.3,200,15.4,700,-0.30,-1.9%,15.4,"7,200",15.45,"4,100",15.5,"72,700",15.7,15.05,"1,359,200","6,500","3,000","65,797,130"
TTB,7.24,6.3,6.77,6.47,"1,000",6.5,"24,600",6.51,"1,100",6.55,"3,200",-0.22,-3.2%,6.65,200,6.7,"14,000",6.74,600,6.75,6.3,"1,386,800","3,900","21,000","24,398,906"
TTE,12.3,10.7,11.5,,,,,,,,,,,11.5,"2,400",11.7,100,12.3,300,,,,,,"14,529,634"
TTF,7.28,6.34,6.81,6.68,"34,800",6.69,"7,500",6.7,"2,000",6.71,"34,300",-0.10,-1.5%,6.71,"4,800",6.72,"26,500",6.73,"30,000",6.83,6.43,"7,783,000",,"183,400","151,884,669"
TV2,61.3,53.3,57.3,56.1,"3,000",56.2,"3,300",56.3,"3,400",56.5,"3,000",-0.80,-1.4%,56.5,"5,200",56.6,100,56.9,"7,100",57.3,56,"222,700","10,400",100,"2,915,342"
TVB,14.85,12.95,13.9,13.5,"20,100",13.6,"10,800",13.7,"8,000",13.8,"3,300",-0.10,-0.7%,13.8,"13,800",13.85,"2,700",13.9,"34,700",13.8,13,"182,800",300,600,"34,625,835"
TVS,20.3,17.7,19,20,"4,900",20.2,"13,700",20.3,"18,300",20.3,200,1.30,6.8%,,,,,,,20.3,19.05,"698,800","151,700",,"20,866,331"
TVT,29.95,26.05,28,26.1,100,26.5,"1,200",26.6,200,27,100,-1.00,-3.6%,27,800,28,200,28.5,"2,500",27.1,27,"1,000",,,"10,244,490"
TYA,17.5,15.3,16.4,15.9,"2,600",15.95,100,16,"4,300",16.3,100,-0.10,-0.6%,16.3,"9,200",16.4,500,16.45,"5,500",16.4,16,"107,000",,,"4,319,715"
UDC,7.47,6.51,6.99,6.8,"2,000",6.86,"2,900",6.88,200,6.94,100,-0.05,-0.7%,6.94,"4,400",6.99,"1,500",7,"5,200",7.25,6.86,"22,600",,"3,000","15,674,640"
UIC,54,47,50.5,47.45,"1,000",49.9,100,50,200,49.9,"1,200",-0.60,-1.2%,50.5,200,50.6,100,50.7,"1,500",50.8,49.9,"5,500",500,,"2,037,090"
VAF,12.05,10.55,11.3,,,10.55,400,10.6,300,10.65,100,-0.65,-5.8%,11,"1,100",11.5,700,12,600,11,10.65,"80,100",,,"18,455,885"
VCA,15.95,13.95,14.95,14.1,"3,000",14.2,"4,200",14.3,"1,200",14.5,300,-0.45,-3.0%,14.5,200,14.55,"3,100",14.65,"10,000",14.9,14.2,"39,900",,,"7,369,601"
VCB,101.7,88.5,95.1,94.6,"14,000",94.9,"2,300",95,700,94.9,300,-0.20,-0.2%,95.1,"22,200",95.2,"11,800",95.3,"11,600",95.5,93.7,"1,196,800","494,100","361,900","241,749,028"
VCF,263.2,228.8,246,229,100,239,100,240,100,240,100,-6.00,-2.4%,248.5,100,249,100,256,100,246.2,240,"1,000",200,,"12,860,538"
VCG,46.5,40.5,43.5,43,"11,800",43.2,300,43.3,700,43.3,"1,800",-0.20,-0.5%,43.5,"1,600",44,"6,600",44.2,900,44.2,43.3,"128,600",,,"215,650,317"
VCI,64.9,56.5,60.7,63.1,"3,000",63.3,"1,000",63.5,300,63.9,"25,500",3.20,5.3%,63.9,"4,700",64,"12,600",64.2,"1,000",63.9,59.6,"1,741,400","124,300","45,200","121,825,325"
VDP,41.7,36.3,39,,,,,36.3,100,36.5,100,-2.50,-6.4%,37.9,500,38.7,500,38.95,500,36.5,36.5,"3,700",,,"7,844,399"
VDS,15.5,13.5,14.5,14.8,"10,000",14.85,"17,200",14.9,400,14.95,100,0.45,3.1%,14.95,"14,400",15,"37,200",15.05,"7,400",15.1,14,"678,000","8,400","3,100","48,438,203"
VFG,51.6,44.9,48.25,44.9,100,45,"1,700",48.5,300,48.5,100,0.25,0.5%,50,"2,000",50.5,"3,500",51,"3,200",48.5,48.5,"2,700",,,"14,887,828"
VGC,36.35,31.65,34,34.3,"3,300",34.5,"5,600",34.7,"9,000",34.5,"6,000",0.50,1.5%,34.75,"10,000",34.9,800,35,"6,200",34.5,32,"246,200","2,400","11,600","190,609,798"
VHC,41.2,35.9,38.55,38.55,"12,600",38.6,"9,600",38.7,300,39,"1,800",0.45,1.2%,39,800,39.1,"2,700",39.2,"5,800",39.3,38,"806,900","55,300","84,900","138,426,050"
VHM,103.4,90,96.7,95.2,700,95.5,100,95.6,"1,000",95.7,100,-1.00,-1.0%,95.7,"10,800",95.8,"8,900",95.9,"1,400",96.7,94.1,"2,265,800","415,300","905,500","894,538,612"
VIB,46.1,40.1,43.1,43,"3,900",43.1,100,43.2,"5,200",43.25,500,0.15,0.3%,43.25,"9,700",43.3,"49,800",43.35,"60,000",43.8,42,"629,900","2,900",300,"134,033"
VIC,118.1,102.7,110.4,112,"3,400",112.2,500,112.4,"2,000",112.4,"1,300",2.00,1.8%,112.5,"8,900",112.6,"5,000",112.7,"7,300",113.5,110,"2,927,800","685,400","1,234,300","759,717,883"
VID,11.15,9.72,10.45,9.82,"1,100",9.83,"1,000",10,200,10.5,200,0.05,0.5%,10.5,"19,800",10.65,"4,800",10.7,"22,300",10.7,10,"17,000",,,"15,010,570"
VIP,10.45,9.12,9.8,9.31,700,9.32,300,9.4,100,9.42,"2,400",-0.38,-3.9%,9.45,"2,000",9.46,"10,000",9.5,"24,400",9.75,9.12,"960,400","7,200","13,500","30,640,678"
VIS,19.75,17.25,18.5,17.4,500,17.9,600,18,600,18,"3,300",-0.50,-2.7%,18.75,400,18.8,"5,700",18.9,300,18.8,17.9,"18,800","11,500",100,"19,144,989"
VIX,36.15,31.45,33.8,32.7,"101,200",32.8,"70,500",32.9,"97,500",33,"46,300",-0.80,-2.4%,33,"5,200",33.05,"25,600",33.1,"65,000",33.8,31.45,"6,447,200","2,100",,"61,748,339"
VJC,137,119.2,128.1,128.5,"29,900",129,900,129.1,"1,100",130.5,100,2.40,1.9%,130.4,100,130.5,"5,600",130.9,"1,000",130.5,128.2,"403,500","99,100","13,400","58,761,733"
VMD,25.45,22.15,23.8,22.15,400,22.2,400,22.6,100,22.6,"1,900",-1.20,-5.0%,23,"3,400",23.5,"5,000",24.9,"15,000",23,22.6,"11,700","1,000","1,700","7,329,150"
VND,30.9,26.9,28.9,28.6,"9,100",28.65,"14,400",28.7,"3,000",28.75,"12,600",-0.15,-0.5%,28.75,"12,000",28.8,"24,100",28.85,"4,100",28.9,27.4,"5,036,800","332,700","140,300","62,392,704"
VNE,8.02,6.98,7.5,7.12,500,7.17,100,7.19,100,7.49,"30,500",-0.01,-0.1%,7.49,"2,600",7.5,"9,700",7.6,"7,700",7.5,6.98,"1,003,100","1,500","1,300","39,147,275"
VNG,15.8,13.8,14.8,14.35,"1,000",14.4,"1,800",14.45,"1,400",14.5,"9,000",-0.30,-2.0%,14.5,"5,600",14.55,"3,200",14.6,"7,800",14.6,13.8,"252,600","1,600","9,200","47,429,824"
VNL,19.25,16.75,18,17,"4,100",17.05,"6,500",17.4,"1,100",17.5,500,-0.50,-2.8%,18,"4,000",18.4,100,18.5,"5,000",17.5,17.5,500,,,"3,756,690"
VNM,105.3,91.7,98.5,97.2,"2,300",97.3,"3,000",97.4,300,97.4,"3,600",-1.10,-1.1%,97.5,"54,600",97.6,"21,800",97.7,"31,200",98.5,96.6,"3,653,700","614,600","1,212,000","916,206,426"
VNS,11.25,9.82,10.55,10.1,"5,100",10.2,"1,600",10.3,"1,000",10.2,100,-0.35,-3.3%,10.65,100,10.95,100,11,"5,200",10.5,10.2,"4,700",200,,"19,761,855"
VOS,4.34,3.78,4.06,3.95,700,3.96,300,3.97,"1,900",4,"51,100",-0.06,-1.5%,4,"44,000",4.02,"5,000",4.03,"1,400",4.09,3.8,"2,303,000","4,600","65,000","65,025,950"
VPB,46.25,40.25,43.25,42.8,"2,400",42.9,"9,900",43,"11,400",43.4,"7,300",0.15,0.3%,43.4,"35,800",43.5,"59,600",43.6,"24,700",43.6,41.5,"3,505,000",,"10,000",
VPD,15.5,13.5,14.5,13.5,"2,000",14,200,14.3,"2,500",14.5,100,0.00,0.0%,14.6,"2,500",14.95,600,15,"3,900",15,14.5,"2,600",,,"52,176,183"
VPG,25.75,22.45,24.1,24.2,"9,300",24.25,"20,000",24.3,"41,600",24.3,"5,000",0.20,0.8%,24.4,"8,500",24.5,"5,500",24.55,200,24.7,23.75,"323,100",500,"2,000","17,770,858"
VPH,6.29,5.47,5.88,5.51,"1,000",5.52,"8,000",5.53,"10,300",5.6,300,-0.28,-4.8%,5.6,"10,100",5.65,"20,600",5.68,"3,700",5.88,5.5,"400,100",,,"35,504,198"
VPI,37.45,32.55,35,34.9,800,34.95,600,35,"1,600",35.1,"16,000",0.10,0.3%,35.1,"8,500",35.15,"9,400",35.2,"17,700",35.4,34.35,"764,800",,400,"95,823,206"
VPS,15.15,13.25,14.2,15.05,"12,500",15.1,"7,300",15.15,"72,000",15.15,100,0.95,6.7%,,,,,,,15.15,15.1,"193,000",,,"11,818,210"
VRC,11.1,9.68,10.4,9.71,200,9.72,"1,500",9.81,100,10.25,"4,400",-0.15,-1.4%,10.25,400,10.3,"12,600",10.35,"5,000",10.5,9.7,"549,100","3,500","8,600","23,613,474"
VRE,35.1,30.6,32.85,31.95,"13,500",32,"4,400",32.1,600,32.2,"1,400",-0.65,-2.0%,32.2,"8,100",32.3,"10,600",32.35,100,32.75,31.2,"6,718,200","1,546,600","2,708,000","427,747,991"
VSC,60.6,52.8,56.7,55.2,500,55.5,"3,700",55.6,500,55.6,"1,000",-1.10,-1.9%,55.8,"3,900",56,"3,200",56.3,300,56.5,55.5,"25,300","1,600","2,800","14,041,299"
VSH,20.05,17.45,18.75,18.2,300,18.3,"2,000",18.4,400,18.5,100,-0.25,-1.3%,18.5,100,18.65,600,18.7,"3,000",18.5,18.4,"20,500",,"5,900","87,843,119"
VSI,20.25,17.65,18.95,17.75,"1,800",18,"1,000",18.05,200,18.9,100,-0.05,-0.3%,18.9,100,18.95,"1,900",19,"10,900",19.05,18.9,"1,700",,,"6,371,340"
VTB,13.6,11.9,12.75,12.2,"3,000",12.3,"2,100",12.35,"1,000",12.4,300,-0.35,-2.7%,12.5,"2,000",12.55,"1,000",12.65,500,12.75,12.3,"22,800",,,"5,691,970"
VTO,9.79,8.51,9.15,8.9,"1,200",9,"10,900",9.05,200,9.1,400,-0.05,-0.5%,9.29,"5,500",9.3,"17,000",9.35,"9,200",9.35,9.1,"50,600",,,"37,645,938"
YBM,7.89,6.87,7.38,6.87,"3,300",6.88,"5,000",6.89,200,7.3,500,-0.08,-1.1%,7.35,"5,700",7.37,"1,800",7.4,"2,000",7.38,6.9,"33,200",,,"6,988,614"
YEG,42.05,36.55,39.3,37.5,"1,000",37.6,"1,100",37.7,300,37.7,800,-1.60,-4.1%,38.5,"1,100",39,200,39.2,700,39.5,37.7,"29,600",100,,"22,715,107"
